Place Name,Median Home Value,Median Rent,Median Household Income,Total Population,Educational Attainment (Total),Labor Force Participation,Total Housing Units,Occupied Units,Vacant Units,Owner-Occupied Units,state,place
"Abbeville city, Georgia",72500.0,610.0,25972.0,2752.0,2195.0,38.0,427.0,310.0,117.0,145.0,13,00184
"Acworth city, Georgia",270600.0,1419.0,74643.0,22318.0,14490.0,525.0,8810.0,8260.0,550.0,5142.0,13,00408
"Adairsville city, Georgia",186900.0,1190.0,90062.0,4911.0,3278.0,8.0,1771.0,1414.0,357.0,1012.0,13,00436
"Adel city, Georgia",125600.0,886.0,26800.0,5571.0,3839.0,170.0,2780.0,2407.0,373.0,1394.0,13,00576
"Adrian city, Georgia",65500.0,558.0,45795.0,614.0,505.0,62.0,279.0,227.0,52.0,103.0,13,00660
"Ailey city, Georgia",109100.0,729.0,54531.0,583.0,292.0,29.0,178.0,143.0,35.0,112.0,13,00828
"Alamo town, Georgia",90700.0,404.0,43298.0,3180.0,2404.0,139.0,722.0,664.0,58.0,391.0,13,00996
"Alapaha town, Georgia",105400.0,453.0,40294.0,592.0,500.0,47.0,399.0,272.0,127.0,181.0,13,01024
"Albany city, Georgia",111200.0,889.0,43724.0,68926.0,44031.0,3073.0,33390.0,27709.0,5681.0,11144.0,13,01052
"Aldora town, Georgia",-666666666.0,-666666666.0,-666666666.0,0.0,0.0,0.0,3.0,0.0,3.0,0.0,13,01248
"Allenhurst city, Georgia",168900.0,911.0,51667.0,515.0,368.0,15.0,295.0,230.0,65.0,136.0,13,01472
"Allentown city, Georgia",89600.0,-666666666.0,42750.0,204.0,159.0,2.0,105.0,91.0,14.0,87.0,13,01500
"Alma city, Georgia",85900.0,650.0,35354.0,3433.0,2234.0,21.0,1414.0,1127.0,287.0,610.0,13,01612
"Alpharetta city, Georgia",562000.0,1767.0,141402.0,65884.0,44888.0,1730.0,25220.0,24093.0,1127.0,16200.0,13,01696
"Alston town, Georgia",135300.0,-666666666.0,41250.0,223.0,189.0,0.0,116.0,96.0,20.0,85.0,13,01808
"Alto town, Georgia",152700.0,946.0,59375.0,1328.0,729.0,25.0,413.0,327.0,86.0,231.0,13,01948
"Ambrose city, Georgia",-666666666.0,707.0,24722.0,221.0,174.0,12.0,122.0,94.0,28.0,43.0,13,02060
"Americus city, Georgia",117900.0,806.0,36498.0,16020.0,9198.0,509.0,7118.0,5880.0,1238.0,2100.0,13,02116
"Andersonville city, Georgia",-666666666.0,578.0,22656.0,296.0,168.0,10.0,156.0,121.0,35.0,45.0,13,02256
"Antioch CDP, Georgia",412900.0,-666666666.0,155633.0,605.0,351.0,20.0,238.0,168.0,70.0,151.0,13,02364
"Appling CDP, Georgia",316200.0,1190.0,-666666666.0,701.0,425.0,42.0,323.0,323.0,0.0,158.0,13,02536
"Arabi town, Georgia",45300.0,850.0,77579.0,663.0,518.0,26.0,263.0,222.0,41.0,173.0,13,02564
"Aragon city, Georgia",103000.0,880.0,55563.0,1764.0,1107.0,51.0,598.0,541.0,57.0,313.0,13,02592
"Arcade city, Georgia",210900.0,809.0,65202.0,1829.0,1214.0,51.0,677.0,591.0,86.0,462.0,13,02648
"Argyle town, Georgia",73000.0,661.0,-666666666.0,504.0,402.0,2.0,68.0,46.0,22.0,25.0,13,02844
"Arlington city, Georgia",105400.0,705.0,43750.0,1141.0,718.0,44.0,630.0,465.0,165.0,251.0,13,02928
"Arnoldsville city, Georgia",161100.0,-666666666.0,42292.0,486.0,345.0,5.0,215.0,207.0,8.0,146.0,13,03124
"Ashburn city, Georgia",88300.0,616.0,35987.0,4223.0,2860.0,174.0,1815.0,1589.0,226.0,893.0,13,03236
"Athens-Clarke County unified government (balance), Georgia",242300.0,1045.0,47798.0,126672.0,71781.0,3548.0,55166.0,52601.0,2565.0,21332.0,13,03440
"Atlanta city, Georgia",395600.0,1512.0,77655.0,494838.0,343468.0,16383.0,255220.0,227388.0,27832.0,103831.0,13,04000
"Attapulgus city, Georgia",67300.0,823.0,34028.0,715.0,436.0,6.0,251.0,189.0,62.0,131.0,13,04084
"Auburn city, Georgia",194200.0,1056.0,77896.0,7794.0,5014.0,218.0,2931.0,2687.0,244.0,2155.0,13,04140
"Augusta-Richmond County consolidated government (balance), Georgia",141900.0,1023.0,50492.0,201615.0,132465.0,7659.0,90382.0,72510.0,17872.0,36968.0,13,04204
"Austell city, Georgia",199700.0,1443.0,64071.0,8109.0,5107.0,248.0,3082.0,2844.0,238.0,1714.0,13,04252
"Avalon town, Georgia",158300.0,814.0,43906.0,285.0,244.0,0.0,127.0,111.0,16.0,56.0,13,04392
"Avera city, Georgia",56800.0,890.0,62750.0,248.0,174.0,4.0,117.0,97.0,20.0,77.0,13,04448
"Avondale Estates city, Georgia",492500.0,1675.0,136250.0,3507.0,2738.0,0.0,1742.0,1524.0,218.0,1335.0,13,04644
"Axson CDP, Georgia",-666666666.0,-666666666.0,75950.0,381.0,273.0,0.0,134.0,113.0,21.0,82.0,13,04700
"Baconton city, Georgia",83500.0,837.0,54850.0,964.0,622.0,34.0,333.0,295.0,38.0,204.0,13,04840
"Bainbridge city, Georgia",137900.0,767.0,42093.0,14234.0,8755.0,497.0,6468.0,5210.0,1258.0,2547.0,13,04896
"Baldwin city, Georgia",150700.0,933.0,48234.0,3817.0,2115.0,4.0,1236.0,1147.0,89.0,602.0,13,04980
"Ball Ground city, Georgia",318100.0,1381.0,103429.0,2527.0,1802.0,54.0,1025.0,1006.0,19.0,818.0,13,05036
"Barnesville city, Georgia",157800.0,896.0,46116.0,6200.0,3460.0,70.0,2434.0,2192.0,242.0,1014.0,13,05344
"Bartow town, Georgia",92200.0,550.0,43750.0,219.0,207.0,5.0,174.0,140.0,34.0,118.0,13,05680
"Barwick city, Georgia",49400.0,721.0,29306.0,316.0,240.0,2.0,165.0,143.0,22.0,120.0,13,05708
"Baxley city, Georgia",88300.0,687.0,27303.0,4971.0,3361.0,158.0,2515.0,1928.0,587.0,1040.0,13,06016
"Bellville city, Georgia",202200.0,1167.0,94350.0,196.0,144.0,0.0,104.0,99.0,5.0,82.0,13,06688
"Belvedere Park CDP, Georgia",245800.0,1237.0,66881.0,14558.0,11006.0,627.0,7151.0,5524.0,1627.0,3468.0,13,06884
"Bemiss CDP, Georgia",178300.0,1359.0,82134.0,9049.0,5315.0,191.0,3156.0,2906.0,250.0,2120.0,13,06968
"Berkeley Lake city, Georgia",644100.0,2175.0,152908.0,2527.0,1824.0,32.0,915.0,902.0,13.0,879.0,13,07248
"Berlin city, Georgia",78100.0,677.0,49571.0,769.0,486.0,19.0,290.0,250.0,40.0,175.0,13,07304
"Berry College CDP, Georgia",-666666666.0,-666666666.0,-666666666.0,1727.0,50.0,67.0,22.0,22.0,0.0,0.0,13,07380
"Bethlehem town, Georgia",223200.0,1042.0,67250.0,598.0,414.0,13.0,210.0,196.0,14.0,164.0,13,07612
"Between town, Georgia",325000.0,1525.0,123854.0,491.0,308.0,15.0,159.0,151.0,8.0,130.0,13,07640
"Bishop town, Georgia",392000.0,872.0,126875.0,456.0,288.0,5.0,150.0,145.0,5.0,128.0,13,08200
"Blackshear city, Georgia",119600.0,767.0,34963.0,3521.0,2768.0,51.0,1691.0,1622.0,69.0,1173.0,13,08284
"Blairsville city, Georgia",165100.0,681.0,21827.0,736.0,534.0,5.0,241.0,211.0,30.0,51.0,13,08480
"Blakely city, Georgia",136400.0,876.0,43008.0,5299.0,2850.0,124.0,1890.0,1610.0,280.0,787.0,13,08536
"Bloomingdale city, Georgia",177700.0,1120.0,62250.0,2933.0,2320.0,43.0,1342.0,1271.0,71.0,870.0,13,08844
"Blue Ridge city, Georgia",208300.0,803.0,34659.0,1366.0,1039.0,4.0,741.0,616.0,125.0,304.0,13,08928
"Bluffton town, Georgia",-666666666.0,-666666666.0,-666666666.0,295.0,129.0,0.0,62.0,52.0,10.0,32.0,13,08956
"Blythe city, Georgia",122900.0,913.0,48611.0,672.0,411.0,16.0,262.0,232.0,30.0,204.0,13,09040
"Bogart town, Georgia",235300.0,996.0,83333.0,1276.0,897.0,8.0,538.0,496.0,42.0,391.0,13,09068
"Bolingbroke CDP, Georgia",233300.0,-666666666.0,-666666666.0,331.0,262.0,0.0,130.0,130.0,0.0,130.0,13,09152
"Bonanza CDP, Georgia",163600.0,1386.0,68257.0,3638.0,2547.0,178.0,1616.0,1449.0,167.0,783.0,13,09272
"Boston city, Georgia",92500.0,857.0,37500.0,1108.0,766.0,59.0,570.0,476.0,94.0,240.0,13,09460
"Bostwick city, Georgia",300000.0,777.0,88125.0,373.0,281.0,0.0,165.0,135.0,30.0,110.0,13,09488
"Bowdon city, Georgia",137200.0,712.0,40938.0,2590.0,1602.0,38.0,1201.0,1111.0,90.0,569.0,13,09544
"Bowersville town, Georgia",102400.0,819.0,55000.0,469.0,351.0,2.0,248.0,184.0,64.0,144.0,13,09656
"Bowman city, Georgia",89500.0,666.0,29464.0,889.0,635.0,37.0,420.0,379.0,41.0,262.0,13,09712
"Box Springs CDP, Georgia",-666666666.0,-666666666.0,23333.0,238.0,183.0,0.0,128.0,128.0,0.0,119.0,13,09768
"Boykin CDP, Georgia",-666666666.0,-666666666.0,-666666666.0,35.0,35.0,0.0,49.0,23.0,26.0,23.0,13,09852
"Braselton town, Georgia",395200.0,1527.0,111080.0,13804.0,8855.0,150.0,5320.0,5070.0,250.0,4093.0,13,10076
"Braswell town, Georgia",183300.0,817.0,72813.0,369.0,218.0,5.0,134.0,121.0,13.0,80.0,13,10104
"Bremen city, Georgia",240800.0,808.0,88545.0,7209.0,4704.0,36.0,2765.0,2561.0,204.0,1774.0,13,10132
"Brinson town, Georgia",114300.0,-666666666.0,68077.0,195.0,186.0,0.0,109.0,74.0,35.0,72.0,13,10608
"Bristol CDP, Georgia",211800.0,-666666666.0,62574.0,119.0,75.0,0.0,41.0,41.0,0.0,26.0,13,10664
"Bronwood town, Georgia",48200.0,558.0,37159.0,323.0,250.0,4.0,182.0,151.0,31.0,88.0,13,10860
"Brookhaven city, Georgia",626800.0,1711.0,114570.0,56848.0,39638.0,1054.0,27597.0,24369.0,3228.0,13301.0,13,10944
"Brooklet city, Georgia",216900.0,950.0,63462.0,1528.0,1139.0,2.0,739.0,674.0,65.0,441.0,13,11000
"Brooks town, Georgia",410500.0,-666666666.0,103125.0,719.0,492.0,4.0,268.0,255.0,13.0,245.0,13,11056
"Broxton city, Georgia",102600.0,595.0,24634.0,1082.0,763.0,0.0,537.0,431.0,106.0,283.0,13,11504
"Brunswick city, Georgia",116800.0,838.0,29781.0,15243.0,10372.0,601.0,7498.0,6317.0,1181.0,2555.0,13,11560
"Buchanan city, Georgia",157800.0,858.0,46071.0,1238.0,826.0,63.0,452.0,400.0,52.0,182.0,13,11616
"Buckhead CDP, Georgia",405200.0,2310.0,134464.0,4815.0,2899.0,212.0,1341.0,1297.0,44.0,1191.0,13,11626
"Buckhead town, Georgia",184100.0,1083.0,68854.0,183.0,154.0,7.0,87.0,83.0,4.0,76.0,13,11672
"Buena Vista city, Georgia",94600.0,414.0,31308.0,1964.0,1171.0,2.0,985.0,729.0,256.0,316.0,13,11728
"Buford city, Georgia",292300.0,1147.0,68165.0,17222.0,10163.0,217.0,5800.0,5019.0,781.0,3618.0,13,11784
"Butler city, Georgia",85600.0,608.0,27656.0,2059.0,1285.0,25.0,906.0,727.0,179.0,253.0,13,12120
"Byromville town, Georgia",70400.0,569.0,48603.0,583.0,399.0,1.0,185.0,175.0,10.0,128.0,13,12232
"Byron city, Georgia",202200.0,814.0,83996.0,5687.0,3867.0,99.0,2162.0,2065.0,97.0,1747.0,13,12260
"Cadwell town, Georgia",79200.0,660.0,41250.0,633.0,362.0,6.0,198.0,172.0,26.0,117.0,13,12344
"Cairo city, Georgia",115800.0,791.0,39784.0,10091.0,6158.0,317.0,4152.0,3594.0,558.0,1748.0,13,12400
"Calhoun city, Georgia",211200.0,746.0,54927.0,17184.0,10980.0,192.0,6667.0,6121.0,546.0,3159.0,13,12456
"Calvary CDP, Georgia",-666666666.0,-666666666.0,-666666666.0,82.0,59.0,0.0,44.0,36.0,8.0,12.0,13,12484
"Camak town, Georgia",-666666666.0,671.0,62000.0,434.0,229.0,12.0,159.0,134.0,25.0,100.0,13,12512
"Camilla city, Georgia",82200.0,733.0,27306.0,5163.0,3476.0,212.0,2451.0,2195.0,256.0,1029.0,13,12624
"Candler-McAfee CDP, Georgia",211400.0,1346.0,57633.0,22707.0,16264.0,1518.0,10051.0,7890.0,2161.0,4870.0,13,12834
"Canon city, Georgia",94200.0,780.0,37443.0,912.0,456.0,1.0,347.0,233.0,114.0,140.0,13,12932
"Canoochee CDP, Georgia",-666666666.0,-666666666.0,57697.0,104.0,88.0,0.0,66.0,47.0,19.0,47.0,13,12960
"Canton city, Georgia",324000.0,1460.0,75414.0,33499.0,21375.0,1254.0,12938.0,12268.0,670.0,6853.0,13,12988
"Carl town, Georgia",326300.0,1161.0,55982.0,296.0,219.0,5.0,143.0,121.0,22.0,68.0,13,13184
"Carlton city, Georgia",154700.0,1063.0,43409.0,403.0,273.0,20.0,155.0,110.0,45.0,86.0,13,13212
"Carnesville city, Georgia",107100.0,819.0,63813.0,935.0,650.0,52.0,318.0,285.0,33.0,185.0,13,13352
"Carrollton city, Georgia",259700.0,972.0,46722.0,26622.0,14837.0,777.0,10443.0,9626.0,817.0,3689.0,13,13492
"Cartersville city, Georgia",274800.0,1096.0,75407.0,23103.0,15771.0,325.0,9501.0,8667.0,834.0,5251.0,13,13688
"Cataula CDP, Georgia",314400.0,-666666666.0,123534.0,1829.0,1147.0,0.0,584.0,479.0,105.0,454.0,13,14024
"Cave Spring city, Georgia",137500.0,827.0,40250.0,982.0,700.0,46.0,514.0,369.0,145.0,234.0,13,14108
"Cecil city, Georgia",71000.0,1000.0,39000.0,349.0,219.0,0.0,145.0,116.0,29.0,77.0,13,14192
"Cedar Springs CDP, Georgia",-666666666.0,-666666666.0,-666666666.0,24.0,24.0,0.0,51.0,24.0,27.0,24.0,13,14472
"Cedartown city, Georgia",122000.0,801.0,30655.0,10166.0,5947.0,323.0,3973.0,3793.0,180.0,1789.0,13,14500
"Centerville city, Georgia",189300.0,1182.0,74250.0,8220.0,5029.0,66.0,3221.0,2703.0,518.0,1983.0,13,14920
"Centralhatchee town, Georgia",118800.0,1302.0,46875.0,515.0,370.0,22.0,229.0,211.0,18.0,186.0,13,15026
"Chamblee city, Georgia",395900.0,1693.0,76682.0,29980.0,20466.0,350.0,13555.0,12259.0,1296.0,4879.0,13,15172
"Chatsworth city, Georgia",171300.0,778.0,59028.0,4840.0,2890.0,185.0,1614.0,1442.0,172.0,726.0,13,15508
"Chattahoochee Hills city, Georgia",296800.0,1212.0,84605.0,3273.0,2557.0,27.0,1673.0,1346.0,327.0,1248.0,13,15552
"Chattanooga Valley CDP, Georgia",122600.0,937.0,45222.0,4166.0,3038.0,165.0,1602.0,1469.0,133.0,1257.0,13,15585
"Chauncey city, Georgia",-666666666.0,569.0,60536.0,369.0,244.0,1.0,153.0,121.0,32.0,79.0,13,15648
"Cherry Log CDP, Georgia",-666666666.0,-666666666.0,-666666666.0,0.0,0.0,0.0,52.0,0.0,52.0,0.0,13,15844
"Chester town, Georgia",60600.0,418.0,26786.0,1702.0,1403.0,5.0,224.0,152.0,72.0,71.0,13,15900
"Chickamauga city, Georgia",226100.0,770.0,71319.0,2978.0,2134.0,0.0,1390.0,1301.0,89.0,960.0,13,15984
"Clarkesville city, Georgia",178000.0,737.0,64848.0,1885.0,1419.0,18.0,859.0,775.0,84.0,503.0,13,16460
"Clarkston city, Georgia",212500.0,1227.0,51122.0,14553.0,8135.0,610.0,4846.0,3807.0,1039.0,480.0,13,16544
"Claxton city, Georgia",120100.0,648.0,40870.0,2573.0,1681.0,36.0,1223.0,968.0,255.0,454.0,13,16600
"Clayton city, Georgia",196200.0,793.0,56369.0,2277.0,1666.0,61.0,1101.0,779.0,322.0,443.0,13,16656
"Clermont town, Georgia",275800.0,839.0,96875.0,1092.0,722.0,12.0,434.0,398.0,36.0,346.0,13,16796
"Cleveland city, Georgia",245500.0,1028.0,46994.0,3512.0,2298.0,42.0,1512.0,1418.0,94.0,690.0,13,16824
"Climax city, Georgia",106300.0,644.0,33906.0,186.0,130.0,10.0,104.0,87.0,17.0,51.0,13,16908
"Clyattville CDP, Georgia",-666666666.0,-666666666.0,70152.0,283.0,156.0,0.0,151.0,151.0,0.0,77.0,13,17132
"Cobbtown city, Georgia",87200.0,675.0,50036.0,565.0,375.0,14.0,237.0,195.0,42.0,113.0,13,17272
"Cochran city, Georgia",118800.0,724.0,31326.0,4867.0,2605.0,191.0,1873.0,1442.0,431.0,943.0,13,17328
"Cogdell CDP, Georgia",-666666666.0,-666666666.0,-666666666.0,24.0,24.0,0.0,11.0,11.0,0.0,11.0,13,17468
"Cohutta city, Georgia",170700.0,850.0,62500.0,729.0,494.0,17.0,269.0,238.0,31.0,184.0,13,17496
"Colbert city, Georgia",172800.0,1092.0,53917.0,601.0,396.0,1.0,234.0,217.0,17.0,145.0,13,17552
"Coleman CDP, Georgia",-666666666.0,-666666666.0,-666666666.0,0.0,0.0,0.0,37.0,0.0,37.0,0.0,13,17580
"College Park city, Georgia",286900.0,1047.0,47706.0,14113.0,8989.0,1017.0,7354.0,6016.0,1338.0,1436.0,13,17776
"Collins city, Georgia",-666666666.0,383.0,57591.0,598.0,380.0,5.0,320.0,243.0,77.0,143.0,13,17832
"Colquitt city, Georgia",98500.0,638.0,26125.0,2131.0,1366.0,77.0,958.0,895.0,63.0,392.0,13,18000
"Columbus city, Georgia",168400.0,1038.0,54561.0,204572.0,134389.0,6522.0,90488.0,79856.0,10632.0,39535.0,13,19000
"Comer city, Georgia",176400.0,675.0,34880.0,1810.0,1246.0,28.0,651.0,600.0,51.0,316.0,13,19084
"Commerce city, Georgia",219600.0,1107.0,58763.0,7391.0,4873.0,6.0,2610.0,2451.0,159.0,1619.0,13,19112
"Concord city, Georgia",121500.0,986.0,61250.0,442.0,321.0,0.0,198.0,172.0,26.0,109.0,13,19168
"Conley CDP, Georgia",98100.0,1020.0,47429.0,5892.0,4480.0,129.0,2785.0,2690.0,95.0,1877.0,13,19280
"Conyers city, Georgia",170600.0,1163.0,53500.0,17415.0,11760.0,952.0,7880.0,7322.0,558.0,2713.0,13,19336
"Coolidge city, Georgia",130400.0,647.0,38750.0,775.0,529.0,0.0,376.0,353.0,23.0,202.0,13,19392
"Cordele city, Georgia",92800.0,756.0,33166.0,10210.0,6345.0,414.0,4887.0,4039.0,848.0,1519.0,13,19616
"Cornelia city, Georgia",170800.0,889.0,46211.0,4648.0,3027.0,29.0,1675.0,1535.0,140.0,890.0,13,19728
"Country Club Estates CDP, Georgia",144400.0,1053.0,57816.0,9057.0,6217.0,248.0,4053.0,3674.0,379.0,1647.0,13,19830
"Covington city, Georgia",219400.0,1153.0,47278.0,14190.0,9440.0,439.0,5833.0,5481.0,352.0,2496.0,13,20064
"Crawford city, Georgia",160800.0,683.0,21696.0,1019.0,688.0,9.0,418.0,369.0,49.0,119.0,13,20288
"Crawfordville city, Georgia",66700.0,901.0,42341.0,589.0,447.0,0.0,356.0,287.0,69.0,174.0,13,20316
"Crescent CDP, Georgia",201000.0,695.0,34010.0,653.0,466.0,0.0,503.0,311.0,192.0,169.0,13,20372
"Crooked Creek CDP, Georgia",110100.0,835.0,27366.0,674.0,534.0,4.0,518.0,369.0,149.0,179.0,13,20550
"Culloden city, Georgia",192200.0,-666666666.0,-666666666.0,254.0,188.0,2.0,117.0,83.0,34.0,63.0,13,20848
"Cumming city, Georgia",331900.0,1192.0,71855.0,7371.0,5063.0,177.0,2844.0,2708.0,136.0,1249.0,13,20932
"Cusseta-Chattahoochee County unified government, Georgia",129300.0,1260.0,52943.0,9402.0,4448.0,137.0,2971.0,2031.0,940.0,634.0,13,21017
"Cuthbert city, Georgia",69700.0,480.0,21278.0,3109.0,2033.0,7.0,1653.0,1426.0,227.0,429.0,13,21072
"Dacula city, Georgia",305500.0,1285.0,81322.0,6906.0,4191.0,158.0,2366.0,2230.0,136.0,1886.0,13,21184
"Dahlonega city, Georgia",392600.0,1181.0,57941.0,7083.0,2950.0,126.0,2379.0,2102.0,277.0,1150.0,13,21240
"Daisy city, Georgia",168100.0,-666666666.0,-666666666.0,371.0,168.0,0.0,106.0,97.0,9.0,77.0,13,21268
"Dallas city, Georgia",207300.0,1245.0,60032.0,14126.0,9111.0,351.0,6087.0,5453.0,634.0,3041.0,13,21324
"Dalton city, Georgia",182500.0,866.0,57163.0,34358.0,21558.0,666.0,13227.0,11960.0,1267.0,6383.0,13,21380
"Damascus city, Georgia",-666666666.0,817.0,53313.0,331.0,234.0,2.0,156.0,135.0,21.0,128.0,13,21436
"Danielsville city, Georgia",172000.0,1011.0,60069.0,953.0,556.0,29.0,316.0,295.0,21.0,210.0,13,21632
"Danville town, Georgia",78800.0,683.0,46750.0,186.0,131.0,0.0,139.0,63.0,76.0,40.0,13,21688
"Darien city, Georgia",138900.0,810.0,53325.0,1253.0,915.0,21.0,737.0,549.0,188.0,379.0,13,21716
"Dasher town, Georgia",148600.0,847.0,58750.0,1063.0,710.0,6.0,411.0,368.0,43.0,277.0,13,21744
"Davisboro city, Georgia",67300.0,904.0,45647.0,2196.0,1740.0,13.0,272.0,259.0,13.0,225.0,13,21800
"Dawson city, Georgia",80600.0,719.0,31310.0,4342.0,2543.0,200.0,2054.0,1516.0,538.0,482.0,13,21912
"Dawsonville city, Georgia",278400.0,966.0,79479.0,3871.0,2654.0,84.0,1488.0,1369.0,119.0,1003.0,13,21940
"Dearing town, Georgia",92000.0,864.0,53958.0,662.0,434.0,10.0,291.0,268.0,23.0,207.0,13,22024
"Decatur city, Georgia",654400.0,1611.0,129992.0,24421.0,15437.0,433.0,10173.0,9053.0,1120.0,5812.0,13,22052
"Deenwood CDP, Georgia",135800.0,828.0,49417.0,2146.0,1457.0,25.0,889.0,823.0,66.0,584.0,13,22080
"Deepstep town, Georgia",112500.0,-666666666.0,111250.0,135.0,95.0,0.0,61.0,56.0,5.0,54.0,13,22108
"Demorest city, Georgia",176800.0,1148.0,59500.0,2293.0,1112.0,75.0,730.0,620.0,110.0,301.0,13,22304
"Denton city, Georgia",-666666666.0,-666666666.0,30250.0,257.0,210.0,0.0,108.0,97.0,11.0,84.0,13,22388
"De Soto city, Georgia",-666666666.0,-666666666.0,27813.0,67.0,50.0,0.0,54.0,26.0,28.0,25.0,13,22472
"Dewy Rose CDP, Georgia",-666666666.0,753.0,48516.0,269.0,225.0,0.0,80.0,80.0,0.0,15.0,13,22724
"Dexter town, Georgia",78600.0,870.0,34350.0,1042.0,614.0,24.0,435.0,353.0,82.0,275.0,13,22752
"Dillard city, Georgia",233000.0,740.0,47500.0,284.0,214.0,6.0,194.0,136.0,58.0,105.0,13,22976
"Dixie CDP, Georgia",-666666666.0,-666666666.0,250001.0,170.0,162.0,0.0,53.0,53.0,0.0,53.0,13,23060
"Dixie Union CDP, Georgia",-666666666.0,-666666666.0,40938.0,48.0,45.0,0.0,27.0,27.0,0.0,27.0,13,23144
"Dock Junction CDP, Georgia",129300.0,1053.0,44438.0,8176.0,5570.0,164.0,3764.0,3050.0,714.0,1560.0,13,23200
"Doerun city, Georgia",104300.0,657.0,38125.0,897.0,503.0,6.0,400.0,341.0,59.0,183.0,13,23284
"Donalsonville city, Georgia",105200.0,860.0,37433.0,2824.0,1761.0,67.0,1234.0,1040.0,194.0,532.0,13,23368
"Dooling town, Georgia",63300.0,-666666666.0,-666666666.0,41.0,38.0,1.0,41.0,26.0,15.0,16.0,13,23480
"Doraville city, Georgia",272800.0,1528.0,59636.0,10691.0,7038.0,113.0,4170.0,3807.0,363.0,2247.0,13,23536
"Douglas city, Georgia",128200.0,717.0,39716.0,11694.0,7115.0,134.0,4820.0,4255.0,565.0,2188.0,13,23872
"Douglasville city, Georgia",274500.0,1344.0,72753.0,35252.0,23705.0,1055.0,14935.0,13792.0,1143.0,6787.0,13,23900
"Druid Hills CDP, Georgia",744600.0,1968.0,138262.0,8467.0,6454.0,147.0,3956.0,3664.0,292.0,2302.0,13,24264
"Dublin city, Georgia",153400.0,694.0,37734.0,15985.0,10533.0,434.0,6662.0,5709.0,953.0,2311.0,13,24376
"Dudley city, Georgia",158700.0,900.0,59375.0,666.0,480.0,0.0,270.0,233.0,37.0,169.0,13,24488
"Duluth city, Georgia",334800.0,1675.0,88915.0,31742.0,22336.0,768.0,12938.0,12405.0,533.0,6857.0,13,24600
"Dunwoody city, Georgia",545200.0,1721.0,106710.0,51458.0,35431.0,490.0,23443.0,21496.0,1947.0,11973.0,13,24768
"Du Pont town, Georgia",86400.0,-666666666.0,24688.0,142.0,77.0,0.0,73.0,45.0,28.0,37.0,13,24796
"Dutch Island CDP, Georgia",601600.0,-666666666.0,169063.0,1268.0,928.0,0.0,519.0,456.0,63.0,448.0,13,24876
"Eagle Grove CDP, Georgia",-666666666.0,-666666666.0,-666666666.0,25.0,25.0,0.0,14.0,14.0,0.0,14.0,13,24964
"East Dublin city, Georgia",134900.0,839.0,54601.0,2889.0,1593.0,104.0,1058.0,855.0,203.0,302.0,13,25300
"East Ellijay city, Georgia",167700.0,617.0,26691.0,530.0,418.0,25.0,375.0,289.0,86.0,162.0,13,25356
"East Griffin CDP, Georgia",63300.0,1045.0,38681.0,1206.0,695.0,33.0,460.0,443.0,17.0,225.0,13,25440
"Eastman city, Georgia",112900.0,726.0,41213.0,5635.0,3653.0,44.0,2456.0,1981.0,475.0,981.0,13,25552
"East Newnan CDP, Georgia",134400.0,1104.0,36192.0,917.0,592.0,42.0,391.0,343.0,48.0,210.0,13,25692
"East Point city, Georgia",217300.0,1241.0,59602.0,38113.0,25756.0,1520.0,18312.0,16062.0,2250.0,6754.0,13,25720
"Eatonton city, Georgia",137500.0,821.0,53870.0,6369.0,4203.0,134.0,3014.0,2620.0,394.0,2158.0,13,26084
"Echols County consolidated government, Georgia",114900.0,789.0,61184.0,3707.0,2271.0,39.0,1546.0,1227.0,319.0,936.0,13,26156
"Edge Hill city, Georgia",-666666666.0,-666666666.0,-666666666.0,19.0,19.0,0.0,9.0,6.0,3.0,4.0,13,26224
"Edison city, Georgia",59800.0,669.0,36250.0,1229.0,815.0,90.0,459.0,392.0,67.0,233.0,13,26448
"Elberton city, Georgia",86900.0,811.0,38562.0,4627.0,2945.0,165.0,2169.0,1838.0,331.0,909.0,13,26616
"Ellaville city, Georgia",150800.0,685.0,50000.0,1492.0,1016.0,29.0,750.0,556.0,194.0,374.0,13,26980
"Ellenton town, Georgia",43000.0,796.0,52019.0,296.0,168.0,6.0,111.0,91.0,20.0,60.0,13,27008
"Ellerslie CDP, Georgia",271500.0,-666666666.0,107031.0,1037.0,802.0,0.0,397.0,397.0,0.0,397.0,13,27064
"Ellijay city, Georgia",275500.0,592.0,37227.0,1750.0,1258.0,51.0,925.0,819.0,106.0,236.0,13,27092
"Emerson city, Georgia",188300.0,1153.0,74432.0,1594.0,1064.0,53.0,627.0,610.0,17.0,415.0,13,27344
"Empire CDP, Georgia",98300.0,-666666666.0,-666666666.0,488.0,385.0,0.0,164.0,144.0,20.0,119.0,13,27512
"Enigma town, Georgia",93200.0,837.0,-666666666.0,1251.0,800.0,0.0,505.0,462.0,43.0,233.0,13,27596
"Ephesus city, Georgia",148400.0,725.0,66875.0,553.0,320.0,12.0,221.0,205.0,16.0,156.0,13,27708
"Epworth CDP, Georgia",151800.0,1321.0,69329.0,575.0,384.0,0.0,366.0,317.0,49.0,157.0,13,27736
"Eton city, Georgia",185800.0,958.0,85313.0,1574.0,950.0,19.0,435.0,412.0,23.0,364.0,13,27932
"Euharlee city, Georgia",204600.0,1273.0,92766.0,4258.0,2847.0,102.0,1403.0,1403.0,0.0,1244.0,13,27988
"Eulonia CDP, Georgia",214500.0,-666666666.0,-666666666.0,567.0,444.0,0.0,171.0,164.0,7.0,164.0,13,28016
"Evans CDP, Georgia",314100.0,1470.0,125325.0,37456.0,25193.0,992.0,13332.0,11582.0,1750.0,10308.0,13,28044
"Everett CDP, Georgia",-666666666.0,-666666666.0,-666666666.0,54.0,34.0,0.0,34.0,34.0,0.0,12.0,13,28100
"Experiment CDP, Georgia",78100.0,897.0,28955.0,2578.0,1747.0,66.0,1203.0,1113.0,90.0,700.0,13,28296
"Faceville CDP, Georgia",-666666666.0,781.0,37031.0,151.0,93.0,10.0,69.0,55.0,14.0,36.0,13,28324
"Fairburn city, Georgia",213000.0,1428.0,67245.0,16469.0,9700.0,448.0,5847.0,5697.0,150.0,3225.0,13,28380
"Fairfield Plantation CDP, Georgia",275000.0,1407.0,96063.0,6464.0,3775.0,98.0,2292.0,2162.0,130.0,1902.0,13,28440
"Fairmount city, Georgia",101000.0,1081.0,61042.0,1213.0,821.0,19.0,517.0,437.0,80.0,271.0,13,28492
"Fair Oaks CDP, Georgia",193800.0,1101.0,57582.0,9614.0,5707.0,365.0,3375.0,3189.0,186.0,1226.0,13,28520
"Fairplay CDP, Georgia",227100.0,-666666666.0,94571.0,1234.0,948.0,0.0,512.0,512.0,0.0,451.0,13,28548
"Fairview CDP, Georgia",153300.0,786.0,48902.0,5718.0,4226.0,72.0,2918.0,2348.0,570.0,1950.0,13,28632
"Fargo city, Georgia",73100.0,619.0,68960.0,460.0,370.0,1.0,337.0,242.0,95.0,198.0,13,28744
"Fayetteville city, Georgia",299500.0,1418.0,79865.0,19010.0,13408.0,530.0,7576.0,7402.0,174.0,5243.0,13,28968
"Fitzgerald city, Georgia",95200.0,631.0,32500.0,8972.0,5862.0,245.0,4243.0,3778.0,465.0,1769.0,13,29528
"Flemington city, Georgia",226200.0,1250.0,99063.0,1202.0,736.0,21.0,390.0,333.0,57.0,266.0,13,30088
"Flovilla city, Georgia",179400.0,1034.0,-666666666.0,1165.0,795.0,53.0,507.0,475.0,32.0,412.0,13,30312
"Flowery Branch city, Georgia",369700.0,1448.0,93684.0,9700.0,6598.0,105.0,3877.0,3516.0,361.0,2502.0,13,30340
"Folkston city, Georgia",72000.0,725.0,36712.0,4544.0,3612.0,320.0,1513.0,1404.0,109.0,731.0,13,30424
"Forest Park city, Georgia",95900.0,1042.0,41837.0,19619.0,12033.0,774.0,7619.0,7021.0,598.0,2528.0,13,30536
"Forsyth city, Georgia",175100.0,834.0,63396.0,4549.0,3362.0,141.0,2218.0,2018.0,200.0,1190.0,13,30732
"Fort Gaines city, Georgia",62900.0,353.0,36161.0,1035.0,562.0,35.0,550.0,347.0,203.0,119.0,13,30816
"Fort Oglethorpe city, Georgia",163800.0,884.0,49789.0,10203.0,7742.0,278.0,5256.0,4751.0,505.0,2361.0,13,30956
"Fort Stewart CDP, Georgia",-666666666.0,1437.0,48538.0,9324.0,3250.0,239.0,2868.0,2390.0,478.0,4.0,13,31068
"Fort Valley city, Georgia",109400.0,703.0,31807.0,8821.0,4944.0,339.0,4120.0,3118.0,1002.0,1299.0,13,31096
"Franklin city, Georgia",303800.0,438.0,32500.0,938.0,688.0,13.0,538.0,436.0,102.0,133.0,13,31292
"Franklin Springs city, Georgia",161400.0,840.0,60417.0,1040.0,515.0,6.0,307.0,271.0,36.0,172.0,13,31320
"Funston city, Georgia",91000.0,933.0,56563.0,838.0,522.0,0.0,306.0,255.0,51.0,190.0,13,31684
"Gainesville city, Georgia",296400.0,1167.0,64163.0,42780.0,26593.0,890.0,17217.0,14965.0,2252.0,6490.0,13,31908
"Garden City city, Georgia",143800.0,1046.0,46063.0,10352.0,6747.0,452.0,4580.0,4129.0,451.0,1513.0,13,32048
"Gardi CDP, Georgia",-666666666.0,-666666666.0,-666666666.0,36.0,26.0,0.0,20.0,20.0,0.0,9.0,13,32132
"Garfield city, Georgia",90400.0,-666666666.0,60368.0,205.0,133.0,19.0,97.0,73.0,24.0,45.0,13,32188
"Gay town, Georgia",231300.0,-666666666.0,86250.0,122.0,106.0,1.0,68.0,62.0,6.0,45.0,13,32384
"Geneva town, Georgia",-666666666.0,-666666666.0,76111.0,140.0,119.0,0.0,64.0,62.0,2.0,55.0,13,32412
"Georgetown CDP, Georgia",232700.0,1336.0,70640.0,12490.0,8448.0,410.0,5576.0,5046.0,530.0,2599.0,13,32482
"Georgetown-Quitman County unified government, Georgia",85800.0,740.0,38889.0,2180.0,1690.0,161.0,1715.0,958.0,757.0,773.0,13,32528
"Gibson city, Georgia",93000.0,675.0,34050.0,898.0,659.0,8.0,347.0,297.0,50.0,109.0,13,32748
"Gillsville city, Georgia",250000.0,943.0,69000.0,286.0,195.0,2.0,105.0,96.0,9.0,84.0,13,32860
"Girard town, Georgia",73100.0,-666666666.0,58309.0,202.0,134.0,1.0,117.0,61.0,56.0,56.0,13,32916
"Glenn CDP, Georgia",-666666666.0,-666666666.0,-666666666.0,9.0,9.0,0.0,9.0,9.0,0.0,9.0,13,33280
"Glennville city, Georgia",155600.0,574.0,47227.0,5204.0,3926.0,142.0,1828.0,1471.0,357.0,818.0,13,33336
"Glenwood city, Georgia",94700.0,334.0,21250.0,739.0,275.0,1.0,244.0,115.0,129.0,40.0,13,33392
"Godfrey CDP, Georgia",-666666666.0,-666666666.0,112950.0,133.0,63.0,0.0,41.0,41.0,0.0,10.0,13,33672
"Good Hope city, Georgia",247100.0,1136.0,72188.0,365.0,239.0,0.0,164.0,153.0,11.0,129.0,13,33896
"Gordon city, Georgia",86700.0,548.0,32083.0,2107.0,1360.0,61.0,934.0,774.0,160.0,508.0,13,33980
"Gough CDP, Georgia",-666666666.0,-666666666.0,14091.0,115.0,107.0,0.0,147.0,96.0,51.0,35.0,13,34176
"Graham city, Georgia",59700.0,819.0,32222.0,672.0,252.0,10.0,141.0,126.0,15.0,105.0,13,34260
"Grantville city, Georgia",165900.0,1356.0,81815.0,3175.0,2020.0,56.0,1189.0,1075.0,114.0,836.0,13,34428
"Gray city, Georgia",180000.0,759.0,61136.0,3415.0,2326.0,50.0,1281.0,1188.0,93.0,882.0,13,34512
"Grayson city, Georgia",396500.0,2136.0,121421.0,4572.0,2684.0,34.0,1209.0,1209.0,0.0,1138.0,13,34596
"Greensboro city, Georgia",133300.0,697.0,42534.0,3573.0,2416.0,167.0,1630.0,1526.0,104.0,957.0,13,34876
"Greenville city, Georgia",97700.0,834.0,53092.0,1088.0,775.0,55.0,497.0,419.0,78.0,188.0,13,35016
"Gresham Park CDP, Georgia",242600.0,1420.0,66071.0,7816.0,6142.0,187.0,3549.0,3106.0,443.0,2018.0,13,35240
"Griffin city, Georgia",185500.0,1026.0,42047.0,23485.0,15505.0,587.0,10580.0,9868.0,712.0,3739.0,13,35324
"Grovetown city, Georgia",201900.0,1301.0,67222.0,16049.0,10350.0,74.0,6227.0,4670.0,1557.0,2782.0,13,35716
"Gumbranch city, Georgia",96100.0,650.0,88750.0,648.0,238.0,4.0,173.0,142.0,31.0,111.0,13,35800
"Gumlog CDP, Georgia",152100.0,693.0,63735.0,2212.0,1915.0,49.0,1486.0,910.0,576.0,762.0,13,35814
"Guyton city, Georgia",184500.0,1007.0,75625.0,2405.0,1405.0,189.0,789.0,698.0,91.0,529.0,13,35884
"Hagan city, Georgia",150400.0,905.0,63750.0,1444.0,741.0,55.0,577.0,520.0,57.0,169.0,13,36024
"Hahira city, Georgia",144200.0,1149.0,67143.0,3361.0,1716.0,76.0,1046.0,1046.0,0.0,741.0,13,36052
"Hamilton city, Georgia",256500.0,880.0,86607.0,1946.0,1134.0,58.0,590.0,577.0,13.0,440.0,13,36220
"Hampton city, Georgia",224900.0,1243.0,67808.0,8244.0,4770.0,131.0,2551.0,2410.0,141.0,1681.0,13,36276
"Hannahs Mill CDP, Georgia",127600.0,783.0,52069.0,3632.0,2316.0,8.0,1442.0,1226.0,216.0,937.0,13,36416
"Hapeville city, Georgia",209200.0,1293.0,62117.0,6566.0,4417.0,251.0,3235.0,2908.0,327.0,1554.0,13,36472
"Haralson town, Georgia",189900.0,1141.0,-666666666.0,236.0,181.0,5.0,105.0,101.0,4.0,71.0,13,36528
"Hardwick CDP, Georgia",81600.0,695.0,34587.0,3202.0,2382.0,61.0,2130.0,1430.0,700.0,947.0,13,36668
"Harlem city, Georgia",211700.0,-666666666.0,51855.0,3682.0,2190.0,63.0,1367.0,1241.0,126.0,802.0,13,36696
"Harrison town, Georgia",79200.0,795.0,32569.0,345.0,264.0,4.0,186.0,150.0,36.0,87.0,13,36920
"Hartwell city, Georgia",152900.0,774.0,46875.0,4481.0,3290.0,7.0,2104.0,1850.0,254.0,985.0,13,37144
"Hawkinsville city, Georgia",125500.0,843.0,36042.0,4007.0,2569.0,47.0,1523.0,1386.0,137.0,572.0,13,37396
"Hazlehurst city, Georgia",130300.0,652.0,35208.0,4075.0,2528.0,155.0,1688.0,1478.0,210.0,782.0,13,37564
"Helen city, Georgia",328600.0,746.0,74375.0,505.0,387.0,5.0,598.0,241.0,357.0,152.0,13,37788
"Henderson CDP, Georgia",292900.0,1331.0,69646.0,3005.0,2223.0,107.0,1396.0,1274.0,122.0,790.0,13,37910
"Hephzibah city, Georgia",154200.0,1070.0,63836.0,3869.0,2704.0,198.0,1478.0,1289.0,189.0,849.0,13,38040
"Heron Bay CDP, Georgia",325000.0,-666666666.0,123750.0,3899.0,2420.0,110.0,1399.0,1192.0,207.0,1116.0,13,38105
"Hiawassee city, Georgia",322000.0,862.0,40917.0,1140.0,918.0,0.0,885.0,515.0,370.0,239.0,13,38124
"Hickox CDP, Georgia",178700.0,-666666666.0,-666666666.0,382.0,255.0,0.0,135.0,135.0,0.0,58.0,13,38292
"Higgston town, Georgia",87500.0,935.0,32196.0,355.0,259.0,15.0,170.0,151.0,19.0,79.0,13,38348
"Hilltop CDP, Georgia",-666666666.0,-666666666.0,-666666666.0,211.0,127.0,11.0,99.0,65.0,34.0,49.0,13,38866
"Hiltonia town, Georgia",55800.0,546.0,40750.0,456.0,373.0,32.0,152.0,102.0,50.0,73.0,13,38920
"Hinesville city, Georgia",156000.0,1147.0,54447.0,34732.0,20585.0,1246.0,14626.0,12829.0,1797.0,5732.0,13,38964
"Hiram city, Georgia",205900.0,1787.0,81055.0,4911.0,3141.0,44.0,1917.0,1725.0,192.0,1130.0,13,39076
"Hoboken city, Georgia",138400.0,-666666666.0,71154.0,858.0,526.0,3.0,305.0,282.0,23.0,224.0,13,39216
"Hogansville city, Georgia",147200.0,940.0,44712.0,3240.0,2283.0,15.0,1517.0,1331.0,186.0,670.0,13,39244
"Holly Springs city, Georgia",377600.0,1692.0,108332.0,16675.0,11046.0,284.0,6345.0,6013.0,332.0,4564.0,13,39524
"Homeland city, Georgia",55500.0,735.0,52222.0,1155.0,809.0,12.0,376.0,304.0,72.0,204.0,13,39692
"Homer town, Georgia",240700.0,991.0,73542.0,1659.0,961.0,35.0,643.0,574.0,69.0,343.0,13,39720
"Homerville city, Georgia",82600.0,564.0,29815.0,2049.0,1304.0,10.0,1084.0,746.0,338.0,399.0,13,39748
"Hortense CDP, Georgia",173600.0,-666666666.0,191615.0,352.0,176.0,0.0,82.0,63.0,19.0,51.0,13,40028
"Hoschton city, Georgia",305700.0,1051.0,87021.0,3099.0,2047.0,16.0,1238.0,1124.0,114.0,892.0,13,40056
"Howard CDP, Georgia",-666666666.0,-666666666.0,-666666666.0,0.0,0.0,0.0,0.0,0.0,0.0,0.0,13,40196
"Hull city, Georgia",267900.0,636.0,-666666666.0,205.0,116.0,3.0,81.0,68.0,13.0,33.0,13,40532
"Ideal city, Georgia",52800.0,706.0,21800.0,625.0,350.0,11.0,237.0,182.0,55.0,93.0,13,40812
"Ila city, Georgia",182300.0,850.0,55625.0,406.0,266.0,10.0,158.0,137.0,21.0,97.0,13,40840
"Indian Springs CDP, Georgia",170600.0,-666666666.0,82784.0,1983.0,1412.0,31.0,769.0,698.0,71.0,660.0,13,41036
"Iron City town, Georgia",94400.0,664.0,40568.0,322.0,247.0,6.0,172.0,143.0,29.0,126.0,13,41344
"Irondale CDP, Georgia",156000.0,1440.0,53598.0,8305.0,4865.0,207.0,3032.0,2755.0,277.0,1780.0,13,41347
"Irwinton city, Georgia",89000.0,840.0,33929.0,572.0,423.0,35.0,267.0,204.0,63.0,151.0,13,41400
"Isle of Hope CDP, Georgia",417800.0,-666666666.0,96934.0,2137.0,1549.0,18.0,1011.0,961.0,50.0,931.0,13,41484
"Ivey city, Georgia",57700.0,709.0,40938.0,1060.0,670.0,41.0,434.0,371.0,63.0,307.0,13,41540
"Jackson city, Georgia",147300.0,826.0,43824.0,5497.0,3630.0,132.0,1833.0,1692.0,141.0,860.0,13,41596
"Jacksonville city, Georgia",44300.0,-666666666.0,34375.0,103.0,78.0,0.0,44.0,24.0,20.0,20.0,13,41708
"Jakin city, Georgia",205900.0,681.0,49318.0,235.0,169.0,0.0,127.0,94.0,33.0,58.0,13,41792
"Jasper city, Georgia",246200.0,956.0,43192.0,4177.0,2614.0,17.0,1753.0,1552.0,201.0,693.0,13,41932
"Jefferson city, Georgia",313100.0,1059.0,95850.0,13496.0,8637.0,144.0,4612.0,4275.0,337.0,3424.0,13,41988
"Jeffersonville city, Georgia",90700.0,632.0,40500.0,968.0,671.0,0.0,453.0,294.0,159.0,179.0,13,42100
"Jekyll Island CDP, Georgia",518400.0,1450.0,72689.0,946.0,946.0,0.0,1283.0,561.0,722.0,452.0,13,42128
"Jenkinsburg city, Georgia",192000.0,1075.0,71912.0,303.0,243.0,7.0,141.0,132.0,9.0,113.0,13,42156
"Jersey city, Georgia",252900.0,883.0,36736.0,164.0,95.0,0.0,63.0,59.0,4.0,34.0,13,42184
"Jesup city, Georgia",148300.0,762.0,53096.0,9820.0,6741.0,247.0,4441.0,3957.0,484.0,2344.0,13,42268
"Johns Creek city, Georgia",525100.0,1944.0,153882.0,82230.0,55587.0,1563.0,29638.0,28439.0,1199.0,22423.0,13,42425
"Jonesboro city, Georgia",123600.0,988.0,33621.0,4415.0,3067.0,79.0,1360.0,1260.0,100.0,400.0,13,42604
"Juliette CDP, Georgia",175300.0,-666666666.0,-666666666.0,242.0,141.0,0.0,89.0,89.0,0.0,89.0,13,42772
"Junction City town, Georgia",-666666666.0,539.0,45000.0,409.0,282.0,9.0,122.0,116.0,6.0,83.0,13,42800
"Kennesaw city, Georgia",262000.0,1673.0,81467.0,33360.0,22047.0,1024.0,13871.0,13046.0,825.0,8543.0,13,43192
"Kennesaw State University CDP, Georgia",-666666666.0,-666666666.0,-666666666.0,2642.0,20.0,124.0,0.0,0.0,0.0,0.0,13,43210
"Keysville city, Georgia",80400.0,680.0,42813.0,403.0,323.0,0.0,154.0,111.0,43.0,83.0,13,43360
"Kings Bay Base CDP, Georgia",-666666666.0,1297.0,70625.0,2449.0,919.0,41.0,747.0,675.0,72.0,0.0,13,43580
"Kingsland city, Georgia",206300.0,1125.0,73839.0,18563.0,11912.0,296.0,7106.0,6561.0,545.0,4537.0,13,43640
"Kingston city, Georgia",82300.0,839.0,50000.0,774.0,536.0,35.0,304.0,276.0,28.0,201.0,13,43668
"Kite city, Georgia",-666666666.0,534.0,28906.0,199.0,164.0,0.0,125.0,95.0,30.0,67.0,13,43892
"Knoxville CDP, Georgia",-666666666.0,-666666666.0,-666666666.0,108.0,80.0,0.0,13.0,13.0,0.0,13.0,13,44060
"LaFayette city, Georgia",121000.0,751.0,30284.0,6929.0,4862.0,143.0,3052.0,2851.0,201.0,1322.0,13,44312
"LaGrange city, Georgia",148500.0,962.0,41030.0,31173.0,20241.0,780.0,13586.0,12131.0,1455.0,5027.0,13,44340
"Lake City city, Georgia",144400.0,1118.0,62941.0,2916.0,2053.0,29.0,961.0,906.0,55.0,430.0,13,44508
"Lakeland city, Georgia",134500.0,795.0,28920.0,2928.0,1784.0,1.0,1222.0,1017.0,205.0,413.0,13,44592
"Lake Park city, Georgia",229800.0,749.0,-666666666.0,980.0,566.0,5.0,433.0,337.0,96.0,168.0,13,44704
"Lakeview CDP, Georgia",124900.0,963.0,54792.0,4664.0,3352.0,81.0,2057.0,1853.0,204.0,1207.0,13,44900
"Lakeview Estates CDP, Georgia",45900.0,633.0,43219.0,2714.0,1771.0,39.0,775.0,669.0,106.0,151.0,13,44956
"Lavonia city, Georgia",201500.0,755.0,33056.0,2617.0,1485.0,105.0,1154.0,938.0,216.0,433.0,13,45460
"Lawrenceville city, Georgia",286400.0,1341.0,55608.0,30465.0,18876.0,980.0,11429.0,10762.0,667.0,5141.0,13,45488
"Leary city, Georgia",50000.0,755.0,35385.0,373.0,329.0,0.0,283.0,198.0,85.0,146.0,13,45600
"Leesburg city, Georgia",165900.0,1145.0,55417.0,3465.0,2056.0,306.0,1419.0,1308.0,111.0,645.0,13,45768
"Lenox town, Georgia",74500.0,682.0,28977.0,887.0,561.0,29.0,412.0,348.0,64.0,209.0,13,45936
"Leslie city, Georgia",87800.0,1000.0,51688.0,525.0,314.0,9.0,252.0,171.0,81.0,130.0,13,46020
"Lexington city, Georgia",162500.0,779.0,70625.0,410.0,183.0,1.0,128.0,115.0,13.0,66.0,13,46188
"Lilburn city, Georgia",257500.0,1464.0,61347.0,14741.0,9090.0,304.0,5078.0,4791.0,287.0,2807.0,13,46356
"Lilly city, Georgia",83300.0,584.0,24688.0,144.0,83.0,6.0,81.0,57.0,24.0,36.0,13,46384
"Lincoln Park CDP, Georgia",-666666666.0,760.0,46116.0,739.0,582.0,0.0,567.0,399.0,168.0,278.0,13,46524
"Lincolnton city, Georgia",185200.0,680.0,38681.0,1876.0,1378.0,10.0,795.0,755.0,40.0,438.0,13,46552
"Lindale CDP, Georgia",110300.0,1047.0,39472.0,4568.0,2957.0,121.0,1933.0,1675.0,258.0,920.0,13,46580
"Lithia Springs CDP, Georgia",171600.0,1230.0,50694.0,16020.0,9808.0,369.0,7333.0,6727.0,606.0,2863.0,13,46832
"Lithonia city, Georgia",166500.0,1086.0,45431.0,2614.0,1583.0,103.0,1148.0,984.0,164.0,281.0,13,46860
"Locust Grove city, Georgia",193800.0,1252.0,67143.0,9367.0,5969.0,420.0,3233.0,2950.0,283.0,2339.0,13,47140
"Loganville city, Georgia",268700.0,1448.0,77750.0,14287.0,9334.0,328.0,5096.0,4736.0,360.0,3243.0,13,47196
"Lone Oak town, Georgia",-666666666.0,-666666666.0,-666666666.0,182.0,105.0,0.0,68.0,51.0,17.0,50.0,13,47252
"Lookout Mountain city, Georgia",451200.0,1133.0,145625.0,1793.0,1126.0,30.0,649.0,579.0,70.0,516.0,13,47336
"Louisville city, Georgia",122000.0,610.0,43194.0,2704.0,1782.0,31.0,1143.0,977.0,166.0,549.0,13,47560
"Lovejoy city, Georgia",192700.0,1522.0,59184.0,10429.0,5348.0,265.0,3293.0,3053.0,240.0,1931.0,13,47616
"Ludowici city, Georgia",180600.0,-666666666.0,26944.0,2137.0,1279.0,36.0,844.0,744.0,100.0,329.0,13,47784
"Lula city, Georgia",187900.0,1147.0,60174.0,2880.0,1912.0,31.0,1131.0,1050.0,81.0,704.0,13,47896
"Lumber City city, Georgia",-666666666.0,471.0,31429.0,1127.0,680.0,28.0,463.0,290.0,173.0,149.0,13,47952
"Lumpkin city, Georgia",45300.0,-666666666.0,31250.0,776.0,594.0,0.0,515.0,420.0,95.0,241.0,13,47980
"Luthersville city, Georgia",153600.0,946.0,52917.0,792.0,572.0,10.0,355.0,285.0,70.0,118.0,13,48008
"Lyerly town, Georgia",91300.0,843.0,50250.0,548.0,371.0,15.0,214.0,198.0,16.0,149.0,13,48092
"Lyons city, Georgia",123000.0,485.0,29037.0,4219.0,2996.0,75.0,2339.0,1737.0,602.0,1007.0,13,48232
"Mableton CDP, Georgia",278300.0,1339.0,79069.0,41647.0,28274.0,1562.0,16355.0,15054.0,1301.0,11222.0,13,48288
"McCaysville city, Georgia",135500.0,738.0,43553.0,1639.0,1135.0,3.0,846.0,764.0,82.0,462.0,13,48428
"McDonough city, Georgia",246800.0,1441.0,77804.0,29134.0,17564.0,980.0,10410.0,9695.0,715.0,4836.0,13,48624
"McIntyre town, Georgia",84700.0,760.0,49773.0,718.0,459.0,0.0,320.0,252.0,68.0,203.0,13,48848
"Macon-Bibb County, Georgia",155200.0,967.0,48897.0,156554.0,103131.0,5286.0,71828.0,59480.0,12348.0,31315.0,13,49008
"McRae-Helena city, Georgia",89300.0,621.0,-666666666.0,6338.0,4365.0,14.0,1843.0,1215.0,628.0,842.0,13,49100
"Madison city, Georgia",270200.0,1040.0,73965.0,4574.0,3396.0,19.0,2231.0,2094.0,137.0,876.0,13,49196
"Manassas city, Georgia",-666666666.0,-666666666.0,74167.0,82.0,73.0,0.0,52.0,32.0,20.0,23.0,13,49504
"Manchester city, Georgia",110800.0,1014.0,48301.0,3612.0,2139.0,85.0,1817.0,1458.0,359.0,677.0,13,49532
"Manor CDP, Georgia",-666666666.0,-666666666.0,-666666666.0,116.0,60.0,0.0,26.0,26.0,0.0,26.0,13,49588
"Mansfield city, Georgia",179000.0,1442.0,71023.0,338.0,251.0,6.0,158.0,139.0,19.0,103.0,13,49616
"Marietta city, Georgia",376400.0,1372.0,67589.0,61387.0,40880.0,1154.0,26599.0,24403.0,2196.0,11284.0,13,49756
"Marshallville city, Georgia",64800.0,436.0,18839.0,1014.0,675.0,58.0,565.0,439.0,126.0,240.0,13,49924
"Martin town, Georgia",154200.0,888.0,41842.0,359.0,238.0,27.0,170.0,140.0,30.0,81.0,13,50008
"Martinez CDP, Georgia",211200.0,1157.0,80130.0,33773.0,23506.0,652.0,14214.0,11968.0,2246.0,8690.0,13,50036
"Matthews CDP, Georgia",-666666666.0,-666666666.0,41397.0,185.0,112.0,0.0,47.0,47.0,0.0,47.0,13,50176
"Maxeys town, Georgia",180600.0,-666666666.0,34972.0,482.0,332.0,6.0,227.0,215.0,12.0,206.0,13,50260
"Maysville town, Georgia",178400.0,745.0,57788.0,1665.0,1207.0,10.0,658.0,587.0,71.0,523.0,13,50484
"Meansville city, Georgia",160000.0,1150.0,43750.0,239.0,168.0,22.0,116.0,100.0,16.0,72.0,13,50596
"Meigs city, Georgia",68500.0,466.0,26667.0,934.0,553.0,54.0,424.0,330.0,94.0,200.0,13,50680
"Mendes CDP, Georgia",146600.0,-666666666.0,111477.0,227.0,172.0,0.0,131.0,103.0,28.0,87.0,13,50820
"Menlo city, Georgia",75000.0,550.0,33589.0,469.0,334.0,12.0,249.0,229.0,20.0,107.0,13,50848
"Mershon CDP, Georgia",-666666666.0,-666666666.0,-666666666.0,16.0,16.0,0.0,6.0,6.0,0.0,6.0,13,50960
"Metter city, Georgia",151700.0,658.0,31786.0,3976.0,2920.0,93.0,1792.0,1628.0,164.0,760.0,13,51072
"Midville city, Georgia",55200.0,316.0,41875.0,423.0,251.0,25.0,218.0,167.0,51.0,110.0,13,51240
"Midway city, Georgia",213400.0,943.0,69750.0,2453.0,1523.0,76.0,972.0,817.0,155.0,539.0,13,51352
"Milan city, Georgia",63000.0,583.0,22188.0,649.0,492.0,33.0,454.0,281.0,173.0,185.0,13,51408
"Milledgeville city, Georgia",161200.0,840.0,40672.0,17021.0,9247.0,478.0,6661.0,5086.0,1575.0,1756.0,13,51492
"Millen city, Georgia",63200.0,690.0,34213.0,2973.0,2362.0,103.0,1512.0,1151.0,361.0,831.0,13,51520
"Millwood CDP, Georgia",-666666666.0,-666666666.0,-666666666.0,58.0,15.0,0.0,76.0,15.0,61.0,0.0,13,51576
"Milner city, Georgia",178300.0,863.0,66125.0,616.0,422.0,10.0,291.0,262.0,29.0,178.0,13,51604
"Milstead CDP, Georgia",98300.0,-666666666.0,-666666666.0,810.0,555.0,33.0,197.0,197.0,0.0,169.0,13,51660
"Milton city, Georgia",642500.0,1765.0,142845.0,41029.0,27797.0,711.0,15704.0,15192.0,512.0,11236.0,13,51670
"Mineral Bluff CDP, Georgia",-666666666.0,-666666666.0,-666666666.0,370.0,177.0,16.0,153.0,124.0,29.0,106.0,13,51744
"Mitchell town, Georgia",83600.0,-666666666.0,44896.0,127.0,97.0,1.0,77.0,61.0,16.0,59.0,13,51968
"Molena city, Georgia",96700.0,1200.0,37426.0,667.0,439.0,16.0,229.0,211.0,18.0,170.0,13,52108
"Monroe city, Georgia",189600.0,1100.0,45307.0,15036.0,8242.0,657.0,5024.0,4579.0,445.0,1575.0,13,52192
"Montezuma city, Georgia",81400.0,712.0,46315.0,3040.0,2138.0,79.0,1568.0,1185.0,383.0,741.0,13,52304
"Montgomery CDP, Georgia",393900.0,1317.0,88828.0,4606.0,3333.0,45.0,2102.0,1861.0,241.0,1527.0,13,52332
"Monticello city, Georgia",167800.0,996.0,41779.0,2593.0,1753.0,71.0,1167.0,1041.0,126.0,578.0,13,52416
"Montrose town, Georgia",91000.0,639.0,64500.0,398.0,265.0,22.0,125.0,110.0,15.0,93.0,13,52500
"Moody AFB CDP, Georgia",-666666666.0,975.0,-666666666.0,1506.0,586.0,0.0,381.0,381.0,0.0,0.0,13,52556
"Moreland town, Georgia",262100.0,1145.0,86250.0,608.0,398.0,11.0,217.0,209.0,8.0,175.0,13,52668
"Morgan city, Georgia",86900.0,517.0,38750.0,1832.0,1642.0,32.0,117.0,95.0,22.0,70.0,13,52696
"Morganton city, Georgia",211800.0,556.0,40417.0,288.0,211.0,6.0,129.0,111.0,18.0,79.0,13,52724
"Morrow city, Georgia",143700.0,1225.0,64890.0,6563.0,3636.0,325.0,1735.0,1571.0,164.0,911.0,13,53004
"Morven city, Georgia",82800.0,723.0,21750.0,587.0,348.0,28.0,226.0,187.0,39.0,91.0,13,53032
"Moultrie city, Georgia",135800.0,716.0,41228.0,14533.0,9299.0,557.0,6675.0,5745.0,930.0,2618.0,13,53060
"Mountain City town, Georgia",121300.0,840.0,43269.0,991.0,765.0,0.0,526.0,402.0,124.0,242.0,13,53116
"Mountain Park city, Georgia",323700.0,-666666666.0,130208.0,959.0,731.0,15.0,438.0,415.0,23.0,379.0,13,53172
"Mountain Park CDP, Georgia",278300.0,1757.0,92718.0,13334.0,9542.0,218.0,4754.0,4650.0,104.0,3908.0,13,53186
"Mount Airy town, Georgia",179700.0,675.0,72981.0,1373.0,653.0,2.0,421.0,365.0,56.0,306.0,13,53284
"Mount Vernon city, Georgia",90000.0,619.0,33788.0,2251.0,1175.0,130.0,820.0,618.0,202.0,358.0,13,53508
"Mount Zion city, Georgia",168600.0,1200.0,50786.0,2346.0,1512.0,45.0,805.0,776.0,29.0,567.0,13,53620
"Musella CDP, Georgia",-666666666.0,-666666666.0,-666666666.0,125.0,125.0,46.0,10.0,10.0,0.0,0.0,13,54012
"Nahunta city, Georgia",57400.0,706.0,48542.0,1386.0,893.0,19.0,528.0,496.0,32.0,184.0,13,54124
"Nashville city, Georgia",87600.0,613.0,45500.0,4907.0,3394.0,138.0,2303.0,1808.0,495.0,957.0,13,54264
"Naylor CDP, Georgia",-666666666.0,-666666666.0,-666666666.0,39.0,39.0,0.0,53.0,29.0,24.0,23.0,13,54404
"Nelson city, Georgia",224200.0,993.0,66719.0,946.0,676.0,13.0,413.0,402.0,11.0,304.0,13,54572
"Newborn town, Georgia",156300.0,925.0,64028.0,643.0,486.0,38.0,297.0,245.0,52.0,192.0,13,54656
"New England CDP, Georgia",49100.0,-666666666.0,28172.0,474.0,424.0,9.0,304.0,236.0,68.0,184.0,13,54768
"Newington town, Georgia",112700.0,-666666666.0,70196.0,406.0,330.0,14.0,230.0,197.0,33.0,165.0,13,54992
"Newnan city, Georgia",284600.0,1304.0,74606.0,42689.0,28317.0,689.0,17052.0,16386.0,666.0,9251.0,13,55020
"Newton city, Georgia",90900.0,427.0,31406.0,504.0,350.0,5.0,258.0,206.0,52.0,138.0,13,55244
"Nicholls city, Georgia",32800.0,579.0,24500.0,3062.0,2453.0,37.0,547.0,464.0,83.0,275.0,13,55440
"Nicholson city, Georgia",128200.0,1023.0,50000.0,2067.0,1375.0,134.0,774.0,710.0,64.0,513.0,13,55468
"Norcross city, Georgia",337100.0,1580.0,74921.0,17530.0,11770.0,182.0,6741.0,6488.0,253.0,3672.0,13,55776
"Norman Park city, Georgia",93700.0,800.0,53833.0,1121.0,774.0,32.0,434.0,402.0,32.0,210.0,13,55860
"Norristown CDP, Georgia",-666666666.0,-666666666.0,-666666666.0,25.0,25.0,0.0,10.0,10.0,0.0,10.0,13,55944
"North Decatur CDP, Georgia",410800.0,1609.0,103468.0,17183.0,13480.0,449.0,9328.0,8066.0,1262.0,4623.0,13,56112
"North Druid Hills CDP, Georgia",460100.0,1716.0,92893.0,17241.0,12330.0,399.0,9316.0,7830.0,1486.0,3037.0,13,56168
"North High Shoals town, Georgia",309800.0,-666666666.0,95938.0,725.0,443.0,10.0,229.0,229.0,0.0,220.0,13,56308
"Norwood city, Georgia",56300.0,632.0,24375.0,277.0,234.0,2.0,156.0,125.0,31.0,83.0,13,56560
"Nunez city, Georgia",87500.0,-666666666.0,44306.0,167.0,105.0,0.0,63.0,63.0,0.0,48.0,13,56644
"Oak Park town, Georgia",-666666666.0,636.0,37727.0,528.0,322.0,28.0,228.0,204.0,24.0,115.0,13,57232
"Oakwood city, Georgia",222100.0,1230.0,60696.0,5132.0,3216.0,121.0,2309.0,1951.0,358.0,787.0,13,57260
"Ochlocknee town, Georgia",83300.0,809.0,55375.0,672.0,463.0,30.0,327.0,252.0,75.0,140.0,13,57372
"Ocilla city, Georgia",89600.0,760.0,33208.0,3338.0,2295.0,54.0,1311.0,1216.0,95.0,630.0,13,57428
"Oconee city, Georgia",184700.0,592.0,71429.0,297.0,262.0,11.0,117.0,102.0,15.0,82.0,13,57456
"Odum city, Georgia",104500.0,877.0,51797.0,355.0,219.0,3.0,147.0,123.0,24.0,87.0,13,57540
"Offerman city, Georgia",95000.0,691.0,27321.0,935.0,351.0,8.0,197.0,189.0,8.0,127.0,13,57568
"Oglethorpe city, Georgia",66600.0,608.0,23958.0,1084.0,771.0,22.0,622.0,502.0,120.0,301.0,13,57736
"Ohoopee CDP, Georgia",-666666666.0,-666666666.0,-666666666.0,41.0,41.0,0.0,8.0,8.0,0.0,8.0,13,57876
"Oliver city, Georgia",89300.0,867.0,56563.0,286.0,207.0,6.0,99.0,71.0,28.0,49.0,13,58100
"Omega city, Georgia",74200.0,750.0,43269.0,1302.0,794.0,16.0,458.0,418.0,40.0,299.0,13,58184
"Orchard Hill town, Georgia",100000.0,913.0,32679.0,192.0,121.0,5.0,90.0,84.0,6.0,52.0,13,58296
"Oxford city, Georgia",151600.0,1234.0,51995.0,2033.0,995.0,43.0,738.0,661.0,77.0,382.0,13,58744
"Palmetto city, Georgia",149600.0,1143.0,52444.0,4650.0,3018.0,181.0,2096.0,1880.0,216.0,1001.0,13,58884
"Panthersville CDP, Georgia",174600.0,1151.0,48876.0,9197.0,6668.0,322.0,5387.0,4054.0,1333.0,1907.0,13,59080
"Parrott town, Georgia",85000.0,-666666666.0,70000.0,102.0,81.0,3.0,74.0,44.0,30.0,36.0,13,59416
"Patterson city, Georgia",114800.0,798.0,46923.0,729.0,487.0,4.0,387.0,306.0,81.0,199.0,13,59500
"Pavo city, Georgia",83300.0,729.0,37250.0,715.0,521.0,6.0,322.0,295.0,27.0,173.0,13,59556
"Peachtree City city, Georgia",435300.0,1841.0,111850.0,38414.0,26302.0,670.0,15726.0,14598.0,1128.0,10872.0,13,59724
"Peachtree Corners city, Georgia",444000.0,1471.0,74716.0,42147.0,28287.0,758.0,18163.0,17231.0,932.0,8739.0,13,59735
"Pearson city, Georgia",65100.0,634.0,30455.0,1826.0,1255.0,44.0,838.0,714.0,124.0,402.0,13,59808
"Pelham city, Georgia",94200.0,699.0,34761.0,3501.0,2129.0,169.0,1452.0,1357.0,95.0,657.0,13,59976
"Pembroke city, Georgia",161700.0,949.0,66488.0,2542.0,1405.0,101.0,1036.0,881.0,155.0,434.0,13,60004
"Pendergrass town, Georgia",274400.0,1162.0,73947.0,1705.0,1010.0,26.0,539.0,524.0,15.0,391.0,13,60032
"Perkins CDP, Georgia",-666666666.0,-666666666.0,-666666666.0,101.0,101.0,0.0,101.0,101.0,0.0,101.0,13,60312
"Perry city, Georgia",187800.0,1009.0,68507.0,21279.0,14421.0,384.0,8888.0,8247.0,641.0,5554.0,13,60340
"Phillipsburg CDP, Georgia",-666666666.0,816.0,23942.0,467.0,305.0,0.0,316.0,201.0,115.0,72.0,13,60508
"Pinehurst city, Georgia",82500.0,750.0,34375.0,440.0,319.0,9.0,154.0,137.0,17.0,95.0,13,60984
"Pine Lake city, Georgia",258800.0,1370.0,68359.0,888.0,666.0,23.0,519.0,429.0,90.0,251.0,13,61040
"Pine Mountain town, Georgia",250000.0,783.0,59471.0,1474.0,1006.0,27.0,715.0,499.0,216.0,290.0,13,61124
"Pineview town, Georgia",53400.0,708.0,31167.0,609.0,452.0,10.0,230.0,196.0,34.0,168.0,13,61320
"Piney Grove CDP, Georgia",84900.0,-666666666.0,60630.0,381.0,316.0,24.0,233.0,233.0,0.0,209.0,13,61376
"Pitts city, Georgia",87500.0,628.0,81250.0,509.0,332.0,6.0,178.0,138.0,40.0,86.0,13,61544
"Plains city, Georgia",225000.0,717.0,36138.0,781.0,435.0,0.0,308.0,235.0,73.0,202.0,13,61628
"Plainville city, Georgia",123200.0,833.0,40125.0,314.0,240.0,3.0,110.0,89.0,21.0,54.0,13,61684
"Pooler city, Georgia",269800.0,1550.0,89812.0,26264.0,18849.0,815.0,11453.0,10752.0,701.0,6509.0,13,62104
"Portal town, Georgia",77500.0,1030.0,60500.0,622.0,506.0,17.0,245.0,210.0,35.0,122.0,13,62216
"Porterdale city, Georgia",119800.0,968.0,36563.0,1602.0,1081.0,22.0,710.0,635.0,75.0,237.0,13,62244
"Port Wentworth city, Georgia",168100.0,1465.0,61409.0,11103.0,6308.0,468.0,4307.0,3928.0,379.0,2454.0,13,62328
"Poulan city, Georgia",69800.0,943.0,63182.0,768.0,548.0,10.0,357.0,294.0,63.0,221.0,13,62496
"Powder Springs city, Georgia",241800.0,1673.0,88311.0,16930.0,11376.0,422.0,6199.0,6082.0,117.0,4796.0,13,62524
"Pulaski town, Georgia",99600.0,-666666666.0,61786.0,230.0,195.0,0.0,64.0,50.0,14.0,41.0,13,63000
"Putney CDP, Georgia",124000.0,1003.0,64182.0,3295.0,2176.0,255.0,1271.0,1178.0,93.0,814.0,13,63084
"Quitman city, Georgia",136300.0,660.0,20333.0,4050.0,2816.0,94.0,1928.0,1504.0,424.0,733.0,13,63224
"Ranger town, Georgia",112500.0,-666666666.0,29219.0,57.0,44.0,0.0,51.0,34.0,17.0,31.0,13,63560
"Raoul CDP, Georgia",90100.0,926.0,56675.0,2529.0,1942.0,23.0,323.0,313.0,10.0,205.0,13,63588
"Ray City city, Georgia",116400.0,947.0,46875.0,1043.0,513.0,41.0,355.0,327.0,28.0,163.0,13,63728
"Rayle town, Georgia",56000.0,675.0,30313.0,166.0,85.0,5.0,83.0,42.0,41.0,30.0,13,63756
"Rebecca town, Georgia",93000.0,636.0,59934.0,315.0,229.0,6.0,143.0,129.0,14.0,63.0,13,63840
"Redan CDP, Georgia",170900.0,1378.0,60306.0,31326.0,21585.0,1707.0,11989.0,10854.0,1135.0,6318.0,13,63952
"Reed Creek CDP, Georgia",259600.0,1357.0,68765.0,2803.0,2439.0,58.0,2342.0,1376.0,966.0,1296.0,13,64288
"Register town, Georgia",120800.0,1241.0,72596.0,209.0,167.0,8.0,88.0,79.0,9.0,52.0,13,64372
"Reidsville city, Georgia",93800.0,645.0,42576.0,2538.0,1692.0,28.0,1260.0,1090.0,170.0,629.0,13,64512
"Remerton city, Georgia",-666666666.0,932.0,25052.0,1602.0,636.0,67.0,799.0,678.0,121.0,5.0,13,64596
"Rentz city, Georgia",81200.0,814.0,36000.0,242.0,165.0,0.0,158.0,94.0,64.0,61.0,13,64680
"Resaca town, Georgia",135800.0,1010.0,56154.0,1363.0,961.0,3.0,265.0,240.0,25.0,161.0,13,64736
"Rest Haven town, Georgia",87500.0,1139.0,59063.0,40.0,36.0,0.0,30.0,18.0,12.0,8.0,13,64792
"Reynolds city, Georgia",83000.0,724.0,30333.0,793.0,578.0,5.0,555.0,394.0,161.0,253.0,13,64876
"Rhine town, Georgia",69000.0,592.0,24750.0,573.0,523.0,6.0,193.0,135.0,58.0,100.0,13,64932
"Riceboro city, Georgia",85700.0,747.0,43913.0,967.0,714.0,68.0,449.0,394.0,55.0,322.0,13,64960
"Richland city, Georgia",109700.0,622.0,41458.0,1290.0,1016.0,30.0,762.0,648.0,114.0,335.0,13,65016
"Richmond Hill city, Georgia",244800.0,1570.0,83519.0,16703.0,9933.0,388.0,6470.0,5936.0,534.0,3690.0,13,65044
"Riddleville town, Georgia",176700.0,-666666666.0,78269.0,110.0,91.0,9.0,46.0,42.0,4.0,36.0,13,65156
"Rincon city, Georgia",215700.0,1160.0,73708.0,10910.0,6863.0,326.0,4657.0,4339.0,318.0,2439.0,13,65296
"Ringgold city, Georgia",197400.0,859.0,56684.0,3418.0,2330.0,69.0,1376.0,1310.0,66.0,672.0,13,65324
"Riverdale city, Georgia",145800.0,1154.0,61622.0,14933.0,9959.0,249.0,6233.0,5715.0,518.0,3100.0,13,65464
"Roberta city, Georgia",139400.0,652.0,41500.0,1462.0,815.0,64.0,546.0,464.0,82.0,175.0,13,65856
"Robins AFB CDP, Georgia",-666666666.0,1482.0,84910.0,1316.0,649.0,15.0,433.0,403.0,30.0,10.0,13,65968
"Rochelle city, Georgia",66700.0,444.0,27404.0,992.0,684.0,29.0,636.0,429.0,207.0,242.0,13,66024
"Rockingham CDP, Georgia",-666666666.0,-666666666.0,19399.0,151.0,151.0,0.0,142.0,99.0,43.0,47.0,13,66220
"Rockmart city, Georgia",182600.0,835.0,49438.0,5113.0,3360.0,161.0,2165.0,1883.0,282.0,867.0,13,66276
"Rock Spring CDP, Georgia",166200.0,716.0,111140.0,1415.0,1031.0,59.0,492.0,492.0,0.0,390.0,13,66304
"Rocky Ford town, Georgia",70700.0,813.0,56875.0,246.0,186.0,14.0,135.0,107.0,28.0,85.0,13,66444
"Rome city, Georgia",192700.0,851.0,48512.0,37621.0,24529.0,750.0,16258.0,14501.0,1757.0,7379.0,13,66668
"Roopville town, Georgia",148400.0,1167.0,73594.0,423.0,278.0,0.0,113.0,113.0,0.0,61.0,13,66696
"Rossville city, Georgia",89600.0,922.0,42845.0,3982.0,2817.0,103.0,1988.0,1712.0,276.0,938.0,13,67256
"Roswell city, Georgia",479400.0,1619.0,122924.0,92770.0,63810.0,2198.0,37715.0,35435.0,2280.0,25075.0,13,67284
"Royston city, Georgia",204200.0,574.0,30332.0,2305.0,1560.0,98.0,1122.0,976.0,146.0,512.0,13,67452
"Russell CDP, Georgia",102400.0,1193.0,53750.0,1402.0,892.0,41.0,442.0,442.0,0.0,239.0,13,67676
"Rutledge city, Georgia",233700.0,913.0,46452.0,1069.0,723.0,28.0,404.0,384.0,20.0,268.0,13,67760
"St. Marys city, Georgia",240400.0,1178.0,68199.0,18507.0,11890.0,468.0,8014.0,7273.0,741.0,4319.0,13,67984
"St. Simons CDP, Georgia",445500.0,1411.0,99432.0,15983.0,13148.0,195.0,11094.0,7258.0,3836.0,6160.0,13,68040
"Sale City city, Georgia",93300.0,719.0,43571.0,415.0,282.0,8.0,185.0,158.0,27.0,124.0,13,68096
"Salem CDP, Georgia",91300.0,484.0,36618.0,377.0,300.0,0.0,176.0,176.0,0.0,119.0,13,68129
"Sandersville city, Georgia",114300.0,635.0,45502.0,5727.0,3570.0,185.0,2503.0,2083.0,420.0,1130.0,13,68208
"Sandy Springs city, Georgia",556300.0,1670.0,93303.0,107221.0,79016.0,2402.0,54827.0,51204.0,3623.0,25842.0,13,68516
"Santa Claus city, Georgia",90000.0,913.0,46250.0,146.0,106.0,2.0,83.0,69.0,14.0,46.0,13,68600
"Sardis city, Georgia",-666666666.0,720.0,50636.0,1108.0,906.0,35.0,701.0,620.0,81.0,522.0,13,68740
"Sasser town, Georgia",102700.0,484.0,27442.0,345.0,263.0,32.0,196.0,168.0,28.0,120.0,13,68796
"Satilla CDP, Georgia",90400.0,-666666666.0,-666666666.0,266.0,207.0,9.0,187.0,158.0,29.0,135.0,13,68805
"Sautee-Nacoochee CDP, Georgia",98800.0,-666666666.0,43530.0,486.0,465.0,7.0,250.0,211.0,39.0,168.0,13,68880
"Savannah city, Georgia",203300.0,1216.0,54748.0,147583.0,97001.0,5441.0,67223.0,57673.0,9550.0,26468.0,13,69000
"Scotland city, Georgia",116300.0,-666666666.0,-666666666.0,315.0,189.0,0.0,140.0,90.0,50.0,69.0,13,69336
"Scottdale CDP, Georgia",287300.0,1385.0,73623.0,10566.0,6616.0,286.0,4421.0,3639.0,782.0,1734.0,13,69392
"Screven city, Georgia",97500.0,795.0,44643.0,689.0,456.0,10.0,305.0,262.0,43.0,136.0,13,69448
"Senoia city, Georgia",358400.0,1230.0,114423.0,5115.0,3577.0,102.0,1892.0,1796.0,96.0,1654.0,13,69672
"Seville CDP, Georgia",22700.0,-666666666.0,-666666666.0,36.0,36.0,0.0,57.0,25.0,32.0,25.0,13,69728
"Shady Dale town, Georgia",101400.0,1078.0,60000.0,288.0,203.0,4.0,131.0,94.0,37.0,83.0,13,69784
"Shannon CDP, Georgia",136800.0,1048.0,61938.0,1673.0,1201.0,8.0,925.0,756.0,169.0,484.0,13,69868
"Sharon city, Georgia",56300.0,-666666666.0,38438.0,47.0,47.0,3.0,56.0,33.0,23.0,23.0,13,69896
"Sharpsburg town, Georgia",233600.0,1133.0,69531.0,380.0,268.0,4.0,166.0,163.0,3.0,115.0,13,69980
"Shellman city, Georgia",93200.0,675.0,24737.0,928.0,650.0,94.0,425.0,314.0,111.0,165.0,13,70120
"Shiloh city, Georgia",150000.0,1250.0,76250.0,565.0,432.0,0.0,224.0,211.0,13.0,180.0,13,70428
"Siloam town, Georgia",51700.0,-666666666.0,21635.0,396.0,230.0,0.0,159.0,143.0,16.0,85.0,13,70932
"Skidaway Island CDP, Georgia",682900.0,2235.0,119210.0,9292.0,7976.0,203.0,4811.0,4481.0,330.0,4139.0,13,71184
"Sky Valley city, Georgia",293200.0,1367.0,-666666666.0,599.0,568.0,15.0,1019.0,363.0,656.0,203.0,13,71282
"Smarr CDP, Georgia",254800.0,-666666666.0,183553.0,281.0,209.0,0.0,94.0,94.0,0.0,94.0,13,71296
"Smithville city, Georgia",103200.0,986.0,46250.0,320.0,258.0,4.0,249.0,156.0,93.0,97.0,13,71464
"Smyrna city, Georgia",380100.0,1553.0,92258.0,55863.0,39990.0,1453.0,26383.0,24694.0,1689.0,14131.0,13,71492
"Snellville city, Georgia",259500.0,1840.0,88586.0,20895.0,14744.0,421.0,7343.0,6792.0,551.0,5407.0,13,71604
"Social Circle city, Georgia",222300.0,1081.0,68333.0,5011.0,3391.0,172.0,1915.0,1784.0,131.0,1419.0,13,71660
"Soperton city, Georgia",93300.0,581.0,28607.0,2905.0,2002.0,149.0,1278.0,1068.0,210.0,482.0,13,71772
"South Fulton city, Georgia",242200.0,1461.0,77488.0,107865.0,71552.0,4666.0,42292.0,39600.0,2692.0,27416.0,13,72122
"Sparks town, Georgia",73300.0,936.0,37226.0,2459.0,1320.0,60.0,787.0,613.0,174.0,269.0,13,72556
"Sparta city, Georgia",53500.0,571.0,22102.0,1944.0,1000.0,79.0,759.0,534.0,225.0,223.0,13,72584
"Springfield city, Georgia",159500.0,1023.0,46936.0,2753.0,1864.0,14.0,1196.0,1127.0,69.0,772.0,13,72780
"Stapleton city, Georgia",97900.0,721.0,47500.0,377.0,255.0,7.0,174.0,146.0,28.0,91.0,13,73004
"Statesboro city, Georgia",142600.0,895.0,38845.0,33185.0,13723.0,1858.0,13408.0,11857.0,1551.0,2375.0,13,73256
"Statham city, Georgia",199100.0,1118.0,62441.0,2829.0,1944.0,71.0,988.0,937.0,51.0,721.0,13,73312
"Sterling CDP, Georgia",69200.0,823.0,67780.0,1903.0,1321.0,90.0,802.0,649.0,153.0,476.0,13,73452
"Stillmore city, Georgia",83600.0,788.0,45938.0,712.0,382.0,44.0,258.0,227.0,31.0,166.0,13,73620
"Stockbridge city, Georgia",241400.0,1356.0,72175.0,28858.0,19224.0,803.0,11768.0,11280.0,488.0,5564.0,13,73704
"Stockton CDP, Georgia",168800.0,-666666666.0,86111.0,242.0,211.0,0.0,94.0,94.0,0.0,78.0,13,73760
"Stonecrest city, Georgia",183700.0,1371.0,63438.0,59445.0,38703.0,2777.0,23468.0,20439.0,3029.0,10268.0,13,73784
"Stone Mountain city, Georgia",162700.0,1356.0,44950.0,6638.0,4697.0,193.0,2809.0,2513.0,296.0,1216.0,13,73816
"Sugar Hill city, Georgia",330100.0,1497.0,94520.0,24947.0,15934.0,488.0,8471.0,8307.0,164.0,6734.0,13,74180
"Summertown city, Georgia",66300.0,578.0,-666666666.0,260.0,154.0,17.0,74.0,72.0,2.0,50.0,13,74348
"Summerville city, Georgia",68300.0,558.0,27694.0,4381.0,3023.0,67.0,2216.0,1945.0,271.0,827.0,13,74376
"Sumner town, Georgia",80700.0,1018.0,46786.0,404.0,267.0,6.0,177.0,158.0,19.0,103.0,13,74432
"Sunny Side city, Georgia",-666666666.0,1156.0,30833.0,174.0,96.0,1.0,81.0,70.0,11.0,37.0,13,74572
"Sunnyside CDP, Georgia",82900.0,-666666666.0,42045.0,962.0,776.0,0.0,529.0,408.0,121.0,408.0,13,74628
"Sunset Village CDP, Georgia",126400.0,-666666666.0,60104.0,702.0,614.0,0.0,309.0,299.0,10.0,254.0,13,74768
"Surrency town, Georgia",72900.0,806.0,32250.0,281.0,174.0,10.0,121.0,95.0,26.0,70.0,13,74852
"Suwanee city, Georgia",375500.0,1826.0,100780.0,21238.0,13481.0,659.0,8093.0,7847.0,246.0,5009.0,13,74936
"Swainsboro city, Georgia",103100.0,767.0,44491.0,7542.0,4315.0,366.0,3355.0,2764.0,591.0,955.0,13,74964
"Sycamore city, Georgia",72900.0,659.0,41538.0,1223.0,786.0,67.0,277.0,244.0,33.0,172.0,13,75104
"Sylvania city, Georgia",98700.0,580.0,36682.0,2618.0,1863.0,12.0,1241.0,957.0,284.0,589.0,13,75160
"Sylvester city, Georgia",101500.0,819.0,48599.0,5622.0,3619.0,205.0,2474.0,2229.0,245.0,1296.0,13,75188
"Talahi Island CDP, Georgia",420600.0,-666666666.0,104625.0,1185.0,917.0,0.0,507.0,507.0,0.0,492.0,13,75239
"Talbotton city, Georgia",140400.0,761.0,25114.0,728.0,530.0,22.0,458.0,379.0,79.0,247.0,13,75244
"Talking Rock town, Georgia",248100.0,-666666666.0,52143.0,106.0,73.0,5.0,49.0,40.0,9.0,39.0,13,75272
"Tallapoosa city, Georgia",142500.0,610.0,58008.0,3232.0,2123.0,1.0,1293.0,1215.0,78.0,666.0,13,75300
"Tallulah Falls town, Georgia",164300.0,753.0,48750.0,236.0,90.0,0.0,83.0,52.0,31.0,26.0,13,75328
"Talmo town, Georgia",292600.0,883.0,91250.0,442.0,277.0,10.0,157.0,144.0,13.0,111.0,13,75412
"Tarrytown town, Georgia",-666666666.0,625.0,40313.0,117.0,91.0,4.0,57.0,55.0,2.0,39.0,13,75496
"Tate City CDP, Georgia",-666666666.0,-666666666.0,-666666666.0,0.0,0.0,0.0,22.0,0.0,22.0,0.0,13,75580
"Taylorsville town, Georgia",205000.0,1025.0,41250.0,355.0,291.0,1.0,186.0,165.0,21.0,115.0,13,75664
"Tazewell CDP, Georgia",-666666666.0,-666666666.0,-666666666.0,0.0,0.0,0.0,0.0,0.0,0.0,0.0,13,75692
"Temple city, Georgia",159700.0,1214.0,71917.0,5395.0,3429.0,0.0,1967.0,1829.0,138.0,1606.0,13,75832
"Tennille city, Georgia",86900.0,758.0,27426.0,1522.0,1148.0,34.0,822.0,625.0,197.0,331.0,13,75888
"The Rock CDP, Georgia",-666666666.0,-666666666.0,-666666666.0,33.0,33.0,0.0,68.0,18.0,50.0,18.0,13,76112
"Thomaston city, Georgia",133400.0,773.0,30298.0,9720.0,6573.0,183.0,4494.0,3711.0,783.0,1385.0,13,76168
"Thomasville city, Georgia",190400.0,1008.0,45789.0,18744.0,12203.0,405.0,8723.0,7751.0,972.0,3579.0,13,76224
"Thomson city, Georgia",120000.0,903.0,42793.0,6839.0,4235.0,202.0,2706.0,2504.0,202.0,1292.0,13,76280
"Thunderbolt town, Georgia",288900.0,1500.0,63148.0,2552.0,1998.0,49.0,1400.0,1226.0,174.0,783.0,13,76364
"Tifton city, Georgia",157000.0,765.0,42200.0,17059.0,10831.0,184.0,7652.0,6613.0,1039.0,2552.0,13,76476
"Tiger town, Georgia",180400.0,3169.0,43594.0,549.0,406.0,3.0,247.0,195.0,52.0,128.0,13,76504
"Tignall town, Georgia",85600.0,830.0,80122.0,1163.0,755.0,32.0,496.0,440.0,56.0,195.0,13,76532
"Toccoa city, Georgia",124400.0,821.0,49860.0,9055.0,6367.0,438.0,3969.0,3569.0,400.0,2015.0,13,76756
"Toomsboro city, Georgia",61300.0,835.0,60000.0,657.0,508.0,23.0,275.0,206.0,69.0,124.0,13,76952
"Trenton city, Georgia",155900.0,739.0,43882.0,2188.0,1553.0,37.0,1055.0,879.0,176.0,524.0,13,77372
"Trion town, Georgia",96000.0,745.0,39073.0,2389.0,1275.0,39.0,840.0,731.0,109.0,417.0,13,77540
"Tucker city, Georgia",331100.0,1366.0,80311.0,36994.0,27387.0,1169.0,16697.0,14906.0,1791.0,9620.0,13,77652
"Tunnel Hill city, Georgia",161400.0,944.0,57188.0,1168.0,816.0,18.0,423.0,406.0,17.0,315.0,13,77736
"Turin town, Georgia",442700.0,913.0,139167.0,378.0,272.0,0.0,144.0,134.0,10.0,111.0,13,77764
"Twin City city, Georgia",85000.0,633.0,36498.0,1849.0,1527.0,72.0,691.0,597.0,94.0,278.0,13,77988
"Tybee Island city, Georgia",564500.0,1227.0,101289.0,3126.0,2676.0,46.0,3304.0,1457.0,1847.0,1307.0,13,78036
"Tyrone town, Georgia",372700.0,1094.0,112898.0,7710.0,5318.0,105.0,2951.0,2755.0,196.0,2477.0,13,78044
"Ty Ty city, Georgia",46900.0,922.0,36083.0,613.0,455.0,15.0,292.0,253.0,39.0,134.0,13,78100
"Unadilla city, Georgia",66400.0,678.0,40250.0,3073.0,2638.0,80.0,789.0,626.0,163.0,449.0,13,78156
"Union City city, Georgia",201400.0,1186.0,46696.0,26869.0,16703.0,642.0,12010.0,11311.0,699.0,4709.0,13,78324
"Union Point city, Georgia",88600.0,858.0,47963.0,1661.0,1082.0,5.0,606.0,504.0,102.0,285.0,13,78380
"Unionville CDP, Georgia",38700.0,740.0,49149.0,2215.0,1290.0,92.0,857.0,635.0,222.0,396.0,13,78464
"Uvalda city, Georgia",99100.0,666.0,65192.0,387.0,309.0,16.0,258.0,190.0,68.0,144.0,13,78744
"Valdosta city, Georgia",152100.0,932.0,41365.0,55266.0,31955.0,1410.0,24837.0,21663.0,3174.0,8721.0,13,78800
"Varnell city, Georgia",160000.0,1047.0,62552.0,2410.0,1642.0,56.0,785.0,777.0,8.0,676.0,13,78996
"Vernonburg town, Georgia",781300.0,1750.0,211250.0,116.0,81.0,2.0,50.0,41.0,9.0,37.0,13,79164
"Vidalia city, Georgia",147100.0,641.0,47124.0,10732.0,6784.0,317.0,4653.0,3955.0,698.0,2121.0,13,79388
"Vidette city, Georgia",-666666666.0,-666666666.0,24184.0,191.0,149.0,11.0,108.0,96.0,12.0,94.0,13,79416
"Vienna city, Georgia",96900.0,738.0,38371.0,2944.0,2010.0,183.0,1342.0,1097.0,245.0,448.0,13,79444
"Villa Rica city, Georgia",219800.0,1296.0,82373.0,17354.0,11015.0,407.0,6435.0,5862.0,573.0,3748.0,13,79528
"Vinings CDP, Georgia",559900.0,1662.0,91071.0,12947.0,10130.0,195.0,7975.0,7240.0,735.0,2600.0,13,79612
"Waco city, Georgia",123100.0,840.0,33500.0,776.0,494.0,20.0,300.0,298.0,2.0,157.0,13,79808
"Wadley city, Georgia",56700.0,656.0,36406.0,2049.0,1207.0,71.0,846.0,635.0,211.0,408.0,13,79864
"Waleska city, Georgia",295800.0,860.0,50000.0,764.0,187.0,49.0,153.0,136.0,17.0,65.0,13,79948
"Walnut Grove city, Georgia",208500.0,1197.0,78750.0,1620.0,1181.0,31.0,741.0,689.0,52.0,554.0,13,80228
"Walthourville city, Georgia",124200.0,965.0,60446.0,3719.0,2315.0,127.0,1694.0,1383.0,311.0,657.0,13,80256
"Waresboro CDP, Georgia",84700.0,-666666666.0,-666666666.0,463.0,217.0,21.0,262.0,202.0,60.0,181.0,13,80368
"Warm Springs city, Georgia",124200.0,753.0,44792.0,543.0,398.0,8.0,203.0,165.0,38.0,75.0,13,80480
"Warner Robins city, Georgia",159000.0,1094.0,63678.0,80374.0,51461.0,2567.0,34109.0,30619.0,3490.0,16170.0,13,80508
"Warrenton city, Georgia",85000.0,704.0,34944.0,1847.0,1323.0,78.0,795.0,671.0,124.0,420.0,13,80592
"Warthen CDP, Georgia",138800.0,-666666666.0,16763.0,158.0,51.0,0.0,94.0,79.0,15.0,77.0,13,80648
"Warwick city, Georgia",-666666666.0,690.0,47738.0,583.0,426.0,85.0,244.0,214.0,30.0,139.0,13,80676
"Washington city, Georgia",88700.0,798.0,48235.0,3742.0,2912.0,37.0,1989.0,1722.0,267.0,1106.0,13,80704
"Watkinsville city, Georgia",291200.0,1381.0,78750.0,2998.0,1769.0,88.0,1080.0,1029.0,51.0,794.0,13,80788
"Waverly CDP, Georgia",75000.0,-666666666.0,78636.0,259.0,178.0,0.0,112.0,112.0,0.0,112.0,13,80816
"Waverly Hall town, Georgia",154300.0,825.0,38281.0,700.0,577.0,13.0,292.0,223.0,69.0,186.0,13,80844
"Waycross city, Georgia",78300.0,766.0,36818.0,13856.0,8754.0,307.0,7029.0,5300.0,1729.0,2339.0,13,80956
"Waynesboro city, Georgia",121900.0,724.0,41932.0,5720.0,3064.0,129.0,2351.0,2027.0,324.0,796.0,13,80984
"Waynesville CDP, Georgia",184000.0,-666666666.0,60991.0,586.0,477.0,0.0,178.0,138.0,40.0,90.0,13,81012
"Webster County unified government, Georgia",77100.0,652.0,35000.0,2354.0,1709.0,97.0,1207.0,876.0,331.0,714.0,13,81128
"Wenona CDP, Georgia",-666666666.0,-666666666.0,-666666666.0,220.0,180.0,0.0,113.0,97.0,16.0,57.0,13,81208
"West Brow CDP, Georgia",260500.0,957.0,82404.0,1167.0,910.0,47.0,551.0,473.0,78.0,347.0,13,81488
"West Point city, Georgia",147900.0,705.0,52995.0,3508.0,2152.0,108.0,1592.0,1324.0,268.0,846.0,13,82132
"Whigham city, Georgia",140000.0,877.0,58750.0,621.0,440.0,15.0,248.0,220.0,28.0,152.0,13,82412
"White city, Georgia",150900.0,806.0,63750.0,819.0,529.0,31.0,297.0,265.0,32.0,137.0,13,82468
"Whitemarsh Island CDP, Georgia",319100.0,1616.0,89710.0,6790.0,4696.0,147.0,3172.0,2773.0,399.0,1951.0,13,82636
"White Plains city, Georgia",64500.0,1054.0,52000.0,182.0,139.0,2.0,90.0,80.0,10.0,67.0,13,82692
"Whitesburg city, Georgia",150000.0,788.0,63750.0,659.0,415.0,26.0,275.0,256.0,19.0,152.0,13,82720
"Wildwood CDP, Georgia",107400.0,-666666666.0,73900.0,559.0,427.0,121.0,217.0,214.0,3.0,124.0,13,82916
"Willacoochee city, Georgia",56400.0,563.0,32202.0,1452.0,1101.0,17.0,739.0,643.0,96.0,385.0,13,82972
"Williamson city, Georgia",287500.0,916.0,102500.0,774.0,494.0,10.0,338.0,276.0,62.0,217.0,13,83084
"Wilmington Island CDP, Georgia",324800.0,1561.0,87441.0,15235.0,11383.0,261.0,6724.0,6250.0,474.0,4885.0,13,83168
"Winder city, Georgia",229000.0,1072.0,57365.0,18414.0,12276.0,534.0,7226.0,6762.0,464.0,4534.0,13,83420
"Winterville city, Georgia",249700.0,1352.0,96883.0,2165.0,1458.0,24.0,719.0,715.0,4.0,628.0,13,83728
"Woodbine city, Georgia",142700.0,661.0,42788.0,1043.0,702.0,53.0,560.0,369.0,191.0,222.0,13,83868
"Woodbury city, Georgia",86800.0,780.0,47292.0,872.0,645.0,0.0,403.0,293.0,110.0,238.0,13,83896
"Woodland city, Georgia",85000.0,-666666666.0,31850.0,296.0,238.0,10.0,211.0,151.0,60.0,118.0,13,83952
"Woodstock city, Georgia",359800.0,1656.0,100913.0,35171.0,23721.0,586.0,14224.0,13640.0,584.0,8898.0,13,84176
"Woodville city, Georgia",69300.0,600.0,29310.0,261.0,200.0,6.0,129.0,100.0,29.0,90.0,13,84260
"Woolsey town, Georgia",470800.0,-666666666.0,105625.0,231.0,138.0,2.0,81.0,77.0,4.0,73.0,13,84288
"Wrens city, Georgia",98200.0,659.0,35585.0,2063.0,1319.0,42.0,1007.0,827.0,180.0,469.0,13,84456
"Wrightsville city, Georgia",86700.0,571.0,32745.0,3471.0,2476.0,87.0,1157.0,1050.0,107.0,684.0,13,84512
"Yatesville town, Georgia",116700.0,758.0,62019.0,358.0,291.0,2.0,201.0,161.0,40.0,132.0,13,84708
"Yonah CDP, Georgia",185600.0,1008.0,58580.0,568.0,338.0,25.0,318.0,212.0,106.0,139.0,13,84832
"Young Harris city, Georgia",260700.0,695.0,27500.0,1066.0,281.0,47.0,246.0,192.0,54.0,46.0,13,84960
"Zebulon city, Georgia",195800.0,868.0,43456.0,1625.0,1060.0,53.0,690.0,561.0,129.0,280.0,13,85128
