,Year_1,Year_2,Year_3,Year_4,Year_5
"Demorest city, Georgia",146.95743990086766,146.9595043844638,146.95950377987126,146.95950378004832,146.95950378004827
"Andersonville city, Georgia",179.56734182793508,180.25735861111826,179.8697958389837,180.08747880844962,179.9652124851531
"Butler city, Georgia",141.2408793300361,141.03393135791046,141.12880713884712,141.08531111559122,141.10525196899343
"White city, Georgia",198.4435721853622,199.2476486828988,199.30525847120896,199.3093860482732,199.30968177740053
"Crawfordville city, Georgia",84.44007528646273,74.51600739179545,83.97571894713398,74.95863606741176,83.55380127769708
"Manassas city, Georgia",139.86636741090746,138.46647427402513,137.33536555979393,136.4214337104964,135.68298000162534
"Rossville city, Georgia",96.4438535010494,96.60484602046054,96.56963962614785,96.57733868076873,96.57565502519387
"Sumner town, Georgia",83.01166106748019,79.40120872514224,82.88792775017295,79.52070159489328,82.77253000418119
"Abbeville city, Georgia",116.14844626353307,114.9503062181343,114.41941391118434,114.18417710171366,114.07994436787003
"Pineview town, Georgia",56.01233372135141,55.572450547248685,55.56248231951752,55.562256428712985,55.56225130978343
"Lakeview Estates CDP, Georgia",78.39356751995255,83.08954186973786,86.83881558100664,89.83224193195207,92.22219849650018
"Fairburn city, Georgia",155.48276633131786,159.80434781746573,162.75797171372767,164.7766526407292,166.15633835162728
"Hamilton city, Georgia",326.0567166851432,353.45194697440905,375.1555534151638,392.3500258675359,405.9721804952671
"Waverly Hall town, Georgia",189.6368221496031,190.3988359971658,190.6216101558427,190.6867380087458,190.7057780861451
"Ellaville city, Georgia",204.13532736499332,214.97424700296432,207.63649869488034,212.60401870897545,209.241099451681
"Plains city, Georgia",292.5755400542249,282.7277175014543,278.16010028932374,276.04154800177446,275.0589210462668
"Manchester city, Georgia",92.4795534216205,95.40791826986928,94.8971986867171,94.9862704063053,94.97073591048387
"Moreland town, Georgia",227.84332404888968,228.36204553519968,228.1093893579493,228.23245182130873,228.17251119348435
"Avalon town, Georgia",148.49730609543445,189.16293253322266,153.19309294449448,185.00938285258638,156.867019275492
"Soperton city, Georgia",132.4142087168293,125.93591014261037,124.44613809050722,124.10354493247341,124.02476101934664
"Sycamore city, Georgia",95.74561934090558,97.337138153766,97.16687457713797,97.18508968417405,97.18314099890085
"Conley CDP, Georgia",100.90334784809659,102.67120997209702,103.33239415727026,103.57967844533111,103.67216329371831
"Oakwood city, Georgia",195.95573806894492,193.55609846104244,193.93033696277524,193.8719721751138,193.8810745214063
"Waco city, Georgia",152.497040947958,151.01068643873063,151.38202499298154,151.28925283060903,151.31243026266597
"Sunny Side city, Georgia",37.70041855583194,52.837621144597705,48.48950445816869,49.738488119973795,49.379721256075015
"Cartersville city, Georgia",256.5328605437456,260.82985356323877,264.01171820008256,266.36784550149275,268.11252558504185
"Emerson city, Georgia",163.7005660799869,163.7000532747509,163.700053953434,163.7000539525358,163.700053952537
"Taylorsville town, Georgia",175.18519302692786,169.53924257928392,168.25465646536242,167.96238300327977,167.89588393738453
"Norcross city, Georgia",213.08108382814947,213.08988409331755,213.0896007728711,213.0896098942412,213.08960960058292
"Nicholls city, Georgia",59.049427730990686,60.90733793316965,62.34558125692614,63.45895253606768,64.32083423907439
"Dearing town, Georgia",97.85677076621714,106.48134989910514,97.856902346586,106.48121832074372,97.85703392293999
"Ideal city, Georgia",87.606027995024,90.30877917395864,90.87864835999717,90.99880403386287,91.02413859540054
"Jasper city, Georgia",247.52499891928008,251.88645262648765,249.98543797844073,250.81402792452153,250.452872738552
"Fort Gaines city, Georgia",207.16417668727453,199.87800453731387,201.71007562145584,201.24941062641216,201.3652425062423
"Gillsville city, Georgia",265.62209792108433,265.56262753101083,265.5695520915484,265.56874581570963,265.5688396961407
"Lyerly town, Georgia",129.70986061777992,121.74842352661071,124.70945958532741,123.60818422001105,124.01777309572988
"Trion town, Georgia",116.91045526740024,116.61899446665956,116.61188490052974,116.61171147779014,116.61170724751138
"Robins AFB CDP, Georgia",69.25937804673534,68.0059656804509,66.75258341324441,65.49923124439306,64.24590917317407
"Register town, Georgia",100.53182391311339,101.2458316910617,101.40559726228227,101.44134622543892,101.44934537292114
"Statesboro city, Georgia",158.97831516557596,159.25133379014832,159.0391490743964,159.20405487036268,159.07589332278417
"Scotland city, Georgia",168.32285853719932,179.00194219627397,189.62561586041596,200.19416703252688,210.70788172375725
"Lakeview CDP, Georgia",124.87353189870407,129.69877369357528,124.87361593990592,129.69868965383716,124.87369997818031
"Temple city, Georgia",137.1264779899628,138.2012225061816,138.4083040717859,138.44820450781137,138.4558925161108
"Fargo city, Georgia",128.53769066075833,124.96844728952932,126.18823942317736,125.7713743639597,125.9138383730338
"Springfield city, Georgia",153.27097382644897,155.5925971825664,153.55327615049558,155.34462196069686,153.77109834118747
"Canton city, Georgia",212.6881750577973,207.2136356890992,203.96642306695182,202.04034507147276,200.8978955689775
"Suwanee city, Georgia",205.49063138964416,205.55956132596356,205.52790968209686,205.54244366563083,205.53576986763616
"Hogansville city, Georgia",158.30290793607827,157.17142138186978,157.92135658486487,157.42430886777137,157.7537459072398
"Ashburn city, Georgia",144.86352733049125,145.52466182630306,145.81234579660486,145.93752768817595,145.99199893994876
"Lilburn city, Georgia",174.97890567864633,174.68084764832184,174.58312321708596,174.55108226033005,174.54057697626905
"Mountain Park CDP, Georgia",158.3938874878192,158.39481666663136,158.39403460785095,158.39469284061303,158.39413882807594
"Pearson city, Georgia",106.60526853339272,106.43273094554725,106.44031762385255,106.43998402878827,106.43999869735104
"Auburn city, Georgia",191.77553931728727,194.71654273680988,195.8150282039034,196.2253202536867,196.37856722067735
"Winder city, Georgia",224.00858388689502,233.06292520636023,240.95393196657653,247.83107360424756,253.82461518160798
"Fitzgerald city, Georgia",153.13350275442622,151.27794604204246,152.80017767615166,151.55139388397862,152.57585095388222
"Bowdon city, Georgia",202.04317402860678,209.01667263224064,214.2196309164823,218.1015812037387,220.99792155656678
"Savannah city, Georgia",165.20210508636674,167.18737496517232,165.20223011332007,167.1872499460929,165.20235512452618
"Haralson town, Georgia",162.14693440941844,160.2543690098963,159.41867423710414,159.04965885013337,158.88671376509208
"Ochlocknee town, Georgia",108.89300065994742,104.22456464779881,107.90207308714301,105.00515679949243,107.28717031926337
"Ty Ty city, Georgia",42.01434281176947,36.38939377988286,32.815593905365496,30.544987457076207,29.10236228945706
"Danville town, Georgia",113.20251290632015,111.64351057819061,110.52390327571122,109.71985026748439,109.14241455533164
"Oconee city, Georgia",298.077063995612,304.8697127858438,301.55414198394493,303.17251061772635,302.3825660828947
"Dacula city, Georgia",271.67455569072456,302.5095352681073,330.53068810761454,355.994788204861,379.13517780540496
"Glennville city, Georgia",232.40044427777303,261.8400116332805,239.4332133389891,256.4872890235332,243.5072329872249
"Lumber City city, Georgia",102.47839471304235,147.98839047466367,130.64053699824538,137.25332645697497,134.73261203631608
"McRae city, Georgia",125.07588304881335,135.13795007507613,125.38282086063256,134.8403752321259,125.67131834692148
"Helen city, Georgia",447.80786076434487,453.86677608236295,458.87824589118594,463.0233491525004,466.45186048797916
"Parrott town, Georgia",107.56904701359508,115.17607070525317,107.56912806899587,115.17598965071608,107.5692091226693
"Vidalia city, Georgia",184.6436031877932,211.65045658463845,195.3849683504533,205.1812264931113,199.28120847853367
"Screven city, Georgia",122.82003732796663,122.93010939830809,122.99797476319588,123.03981741898555,123.06561567184144
"Warwick city, Georgia",165.27428902524608,151.4510279181481,165.27253669158313,151.45278002967294,165.27078480216824
"Irondale CDP, Georgia",97.40814432317075,93.54769834218,92.18359899723642,91.70159069248662,91.53127171483372
"Jonesboro city, Georgia",139.26007997985027,144.56513697316046,146.55284071193722,147.29759541638796,147.5766408088079
"Calhoun city, Georgia",302.4011259915334,318.9989101553259,333.2793254462674,345.5659209863288,356.13707223714823
"Gainesville city, Georgia",269.12919308913956,265.2785950809809,266.25762972887526,266.0087050580198,266.071995455243
"College Park city, Georgia",284.3580435293863,291.95065621108756,297.527476741507,301.6236855871739,304.6323760795068
"Experiment CDP, Georgia",96.16609349192164,87.06814829737279,96.1659496561317,87.06829213088872,96.16580582488973
"Adairsville city, Georgia",155.58330415462726,155.18013913136724,155.0699799299647,155.0398804695613,155.03165621316654
"Toccoa city, Georgia",152.04893953476605,151.58314948722295,151.9953035134008,151.63060928648326,151.95330874032675
"Thomasville city, Georgia",187.1470527459183,186.26478796945358,185.81790831379155,185.5915574132775,185.47690746330917
"Tifton city, Georgia",205.13272903248432,205.19516554443808,205.1545703862553,205.1809646676832,205.16380355479976
"Whigham city, Georgia",151.23571189883342,144.9269140179838,140.18837393054184,136.62925496931265,133.95599958971758
"Aldora town, Georgia",139.51198625151994,137.50570219182538,135.576947401673,133.72272590070466,131.94015748288015
"Cadwell town, Georgia",110.26715504530638,110.16824490148792,110.16723972606432,110.16722951095804,110.1672294071469
"Marshallville city, Georgia",161.98172593785193,165.81491140573303,166.9148852662152,167.23053461422677,167.32111359476403
"Buena Vista city, Georgia",241.81801093494863,245.18422944456722,246.03521857794192,246.25035092988298,246.30473696965316
"Madison city, Georgia",263.2984210531358,261.12385901854196,262.4785102639214,261.6346253954215,262.16032651127114
"Lake City city, Georgia",137.66266219274013,134.80719581254277,135.76606414334572,135.4440752443718,135.55219942339815
"Fairmount city, Georgia",87.41268452561393,90.8600598443855,88.885685511028,90.01644547992224,89.3688387491969
"Plainville city, Georgia",152.0932601252264,151.1388757234649,151.35604972650015,151.3066309100282,151.317876360162
"Union City city, Georgia",176.8715596308823,180.88565679251332,183.16889976356467,184.46762230438557,185.20634361412846
"Columbus city, Georgia",166.43588526792362,167.82325195605398,168.2814451948416,168.4327685946802,168.48274482610452
"Hardwick CDP, Georgia",124.9192672462233,130.83465237558565,135.49451003184873,139.1653231575825,142.05701427736346
"Boykin CDP, Georgia",126.20205283077637,134.24430864997416,130.04359075074387,132.23775508294412,131.09167547650782
"Cedar Springs CDP, Georgia",91.08379161822513,125.35415368876028,102.10452833257031,117.87748918109135,107.17683099337819
"Coleman CDP, Georgia",141.59891598915988,141.59891598915988,141.59891598915988,141.59891598915988,141.59891598915988
"Epworth CDP, Georgia",115.24346507363222,115.49605742615257,115.68909516039896,115.83661968547331,115.94936181634931
"Calvary CDP, Georgia",152.89946078951925,161.27879423433785,167.49205476468174,172.09917616307894,175.51534831229262
"Crooked Creek CDP, Georgia",147.24538379484636,157.35622544030525,163.9991833062947,168.36369525858413,171.23123784517855
"Eagle Grove CDP, Georgia",141.59891598915988,141.59891598915988,141.59891598915988,141.59891598915988,141.59891598915988
"Canoochee CDP, Georgia",144.39142617344461,143.05634958228316,143.69463893008864,143.38947794215795,143.53537294867027
"Cherry Log CDP, Georgia",141.59891598915988,141.59891598915988,141.59891598915988,141.59891598915988,141.59891598915988
"Dewy Rose CDP, Georgia",138.78049181467736,138.78049094393725,138.78049094427107,138.78049094427092,138.78049094427092
"Empire CDP, Georgia",127.05857524565877,126.87933915661267,126.87410634472428,126.87395357236463,126.87394911216343
"Milan city, Georgia",108.65416772505728,108.1192956295066,108.60221155085047,108.16620490734198,108.5598589261503
"Funston city, Georgia",88.31981048538681,93.78923810240391,90.5429480810232,92.46973085261118,91.32612020031671
"Garfield city, Georgia",119.46800632242974,119.00326950639469,118.93187621683956,118.92090871519639,118.91922387768516
"Good Hope city, Georgia",202.9744589132706,197.2553183281523,195.00624736291414,194.12179276149388,193.77397806197388
"Morganton city, Georgia",401.2384990640878,386.8556992976008,397.04446006170275,389.8267522722923,394.93976914838413
"Midville city, Georgia",227.6182333601888,217.8930155082924,219.67974296344167,219.35148347891385,219.41179166350682
"Pulaski town, Georgia",136.81242563739997,137.08636064231175,137.12685568144565,137.1328419488633,137.1337268818912
"Gresham Park CDP, Georgia",183.24809045823014,193.0926210465761,200.90642625095103,207.10840319886103,212.03103910497126
"North Druid Hills CDP, Georgia",268.76501886482066,269.3589719615741,269.90892304848575,270.41813193997643,270.8896169526333
"Pinehurst city, Georgia",141.9931256314936,110.00030282784307,141.9928228065169,110.00060564995341,141.99251998727289
"Jakin city, Georgia",321.2966985595152,336.6391131634633,349.0625599243162,359.12238645123256,367.2682828115356
"Elberton city, Georgia",130.7486294509246,129.22929538090713,129.32712050511412,129.32082185420188,129.3212274044492
"Martinez CDP, Georgia",189.22665324238292,194.06802072567226,197.57389055726406,200.11266153849823,201.9511091719719
"Fair Oaks CDP, Georgia",174.88294864371505,174.97675586618084,174.96902895118816,174.96966541833572,174.96961299244126
"Powder Springs city, Georgia",149.48216690171907,150.60692870907536,150.86243083831033,150.92047098300287,150.93365544610702
"Brooks town, Georgia",402.7128398239031,458.47406944225804,438.2206156771373,445.5770242826042,442.9050480261998
"Doerun city, Georgia",162.07526905913664,161.7894134168197,161.81400096951432,161.81188609872635,161.81206800696688
"Sparta city, Georgia",111.20595156386025,93.69561753701488,111.2056054872756,93.69596360675962,111.20525942437062
"Blackshear city, Georgia",135.70049676607005,133.9286726892447,133.77350236092792,133.75991307116442,133.7587229673715
"Patterson city, Georgia",140.96958113571452,138.47912857453747,136.33303582268044,134.48368756711818,132.89005235848532
"Eatonton city, Georgia",128.20395903270705,148.88371086369207,137.9949743960351,143.72834019418912,140.70948823895253
"Kings Bay Base CDP, Georgia",77.86632797785838,75.99240101864252,74.69383693116616,73.79397865174371,73.17040917923597
"Bloomingdale city, Georgia",181.39978636092556,160.8046820618255,179.45796394104525,162.56341852809334,177.8650510535883
"Garden City city, Georgia",131.13270980525613,134.16783203439982,132.71561681571663,133.4104583681012,133.0779974651243
"Thunderbolt town, Georgia",189.19321001127201,190.72918532851565,190.03668001325184,190.34890092350008,190.2081339219369
"Tybee Island city, Georgia",458.4921396403592,458.96995954543536,458.82482086235643,458.86890700674286,458.85551575855436
"Argyle town, Georgia",100.00003530337685,98.9731091933822,98.8720834093123,98.86214480813388,98.86116707958375
"Trenton city, Georgia",201.48749980103298,200.3081191306762,200.16129121058955,200.1430117537027,200.1407360384036
"Unadilla city, Georgia",93.17016805072207,89.60312330649413,86.9328229374488,84.93382809095526,83.43737456736292
"Blakely city, Georgia",142.46527770696832,149.3940805910853,145.7687557407753,147.66561736176368,146.67313140319612
"Evans CDP, Georgia",230.13723972998642,232.30341654661623,232.58842550284956,232.62592479861786,232.63085866877304
"Ball Ground city, Georgia",224.71208962848854,222.55696408650422,221.73173928380058,221.4157502791089,221.29475409630038
"Woodstock city, Georgia",229.327322189086,239.53294607636155,248.17162619936394,255.48394684647323,261.67355364806843
"Kennesaw city, Georgia",154.5136798390557,156.6048197311066,154.51376147953752,156.60473809381213,154.51384311364475
"Rincon town, Georgia",149.88072695816993,149.0105457941436,148.28013953840158,147.66705651559903,147.15245140386315
"Tarrytown town, Georgia",167.84949352623656,168.26521142509642,168.53129779001196,168.7016102874727,168.81062131026798
"Whitesburg city, Georgia",235.33204896829417,255.67851971167613,264.88281208204455,269.04662993073845,270.9302488315153
"Williamson city, Georgia",360.39938931662317,397.9415123288927,428.2287854394903,452.66317643480323,472.3757290020703
"Sale City city, Georgia",130.5459087862213,130.60052188617294,130.6043342428196,130.60460037060238,130.60461894808697
"Sandy Springs city, Georgia",323.85838552833906,314.6031820509354,305.34816201924275,296.0933254296251,286.83867227844644
"Sardis city, Georgia",120.96666031566512,122.32501729930394,122.24868450733935,122.25297402415951,122.25273297501043
"Barwick city, Georgia",63.25927592122404,58.00294766689553,52.746965283602485,47.491328748586284,42.2360380390898
"Georgetown-Quitman County unified government, Georgia",89.19790473429202,114.05576165143887,90.95451675563973,112.42328284896954,92.47163437075606
"Augusta-Richmond County consolidated government (balance), Georgia",143.96338901634815,148.2101934586583,151.64307088983418,154.41801558473662,156.66112452589377
"Milton city, Georgia",357.6108754138449,358.49621997825244,358.37397091733146,358.39085116203717,358.388520324817
"Athens-Clarke County unified government (balance), Georgia",240.2941589529746,247.33105978197898,253.20638109746946,258.1118645480783,262.20760103499225
"Johns Creek city, Georgia",274.40450992300987,274.69011311427005,274.70912096731195,274.71038600386726,274.71047019630515
"Russell CDP, Georgia",87.17693716794653,86.30333668535444,86.87164019446364,86.50194159092402,86.74244170269243
"Cusseta-Chattahoochee County unified government, Georgia",103.18630580385346,103.19511068158481,103.19524734928558,103.19524947061662,103.19524950354352
"Webster County unified government, Georgia",117.44057621226493,116.85886991880702,116.44160736275079,116.14230160889413,115.92760720847056
"Chattahoochee Hills city, Georgia",276.78733441450373,252.07637199140615,271.21672280941914,256.39119626116235,267.87459275284095
"Arabi town, Georgia",50.91164988052749,52.16343335052237,51.50572797554734,51.8512960155797,51.669729504440355
"Cordele city, Georgia",129.19562969589072,128.36876434059664,128.47485896359748,128.46124602292025,128.46299269158865
"Lake Park city, Georgia",287.6527842098012,295.295536273782,292.246321357883,293.46286109716874,292.97750044595824
"Lincolnton city, Georgia",271.14498125085765,271.7037947356882,271.44528242562956,271.564872622119,271.50954908610197
"Walthourville city, Georgia",136.17359567022316,136.75343336692606,136.79844806700774,136.80194270565397,136.80221400590136
"Hahira city, Georgia",127.5055352981577,128.1650534065686,128.3819822906993,128.45333460107574,128.4768038233347
"Alston town, Georgia",195.00159529249237,202.67852383093717,207.72942446983882,211.052576057912,213.2389854266211
"Hull city, Georgia",447.36866561715186,471.40443587862853,493.50346103938733,513.8217994052095,532.5029344754167
"Woodbury city, Georgia",114.86853618647994,117.42739597967545,119.25307310246141,120.55564425760143,121.48499347988542
"Ailey city, Georgia",141.12927065992545,139.00039880285948,138.46894887762153,138.3362781289816,138.30315830581708
"Lexington city, Georgia",208.459939249251,208.33976810883405,208.2372260110699,208.14972678473828,208.0750636485672
"Mountain City town, Georgia",147.4585976742696,149.7494268078443,151.46788795484974,152.75698833797574,153.72400455517177
"Sylvania city, Georgia",154.7184812598079,170.1722026993713,154.71869235065662,170.17199161140596,154.71890343573858
"Shannon CDP, Georgia",131.09427501961562,131.27357476271303,131.33099042104524,131.3493761574929,131.35526366822677
"Rentz city, Georgia",103.69561092173822,103.84479842638838,103.85044550945241,103.85065926426523,103.85066735536634
"Resaca town, Georgia",117.09780816654813,117.66670276565111,117.64805730959966,117.64866841230993,117.64864838348781
"Reynolds city, Georgia",42.39702261825566,71.40983775793161,59.75841954069878,64.43757755481424,62.558448395354645
"Lakeland city, Georgia",157.86213942123283,167.70963796519462,159.14328800347366,166.59516538523502,160.1127689432327
"Tunnel Hill city, Georgia",169.6323071250532,169.48814639809282,169.47266342639702,169.4710005434636,169.47082194857208
"Warrenton city, Georgia",125.11986777977926,122.5655136319992,124.05475820562306,123.18649590848011,123.69271189878283
"Homerville city, Georgia",130.24322175216892,146.45380988930285,130.2433125715771,146.45371907040348,130.24340338996765
"Buford city, Georgia",255.12843964750786,255.0217310726988,255.06103221898442,255.04655746752113,255.0518885697847
"Rest Haven town, Georgia",123.67126115780351,126.19778122326984,126.3340325241561,126.34138034507664,126.34177660164028
"Ocilla city, Georgia",128.1702274447217,128.24328088440114,128.24380025668762,128.24380394915676,128.2438039754083
"Willacoochee city, Georgia",110.52334793687557,107.10508329382392,108.23448985862701,107.86132998897995,107.98462331191126
"Statham city, Georgia",170.16760559026767,178.08431766341164,170.1691552442115,178.08276831280423,170.17070429154185
"Hoboken city, Georgia",202.0867141991977,200.3626671427691,200.56691170847094,200.54271524442248,200.54558175335717
"Pembroke city, Georgia",167.3079571308333,169.83753069162992,167.7613158794865,169.46542443476653,168.06673199157916
"Indian Springs CDP, Georgia",230.97217137472992,230.996410367256,230.99336838780155,230.99375015445258,230.99370224296007
"Mount Zion city, Georgia",143.47746118390305,140.50007645604586,143.47738472982044,140.50015290816523,143.47730827966421
"Vernonburg town, Georgia",303.5437063672893,410.6920403598999,330.35833794972007,390.58796077682246,345.43122883170884
"Eastman city, Georgia",169.0609411064613,171.85144974739157,172.42607645595385,172.54440465223675,172.56877101361002
"Pavo city, Georgia",113.94836912307898,113.81839559160242,113.76523058704723,113.74348371537847,113.73458826937346
"Fort Oglethorpe city, Georgia",181.68606089279402,183.9715013491208,182.5238417264607,183.4408283743862,182.85998430074372
"Ringgold city, Georgia",221.95341304715313,220.1736533067626,219.77007668498516,219.67856203503047,219.65781026026352
"Kingsland city, Georgia",184.66789209644264,185.01069147179186,185.10177751745442,185.12598020949838,185.1324111649528
"Monticello city, Georgia",169.86554770107978,169.02262057053395,169.53318361846593,169.22393431746787,169.41124738400325
"Denton city, Georgia",109.48235760330215,133.4317314409547,115.57264142500192,128.8901961285184,118.95927226158406
"Shiloh city, Georgia",133.238625102049,135.56386646352846,135.97227348068145,136.04400637448896,136.05660559007018
"Bowersville town, Georgia",112.44469829285026,117.88394339648914,115.53325258259892,116.5491559289679,116.11011069040855
"Conyers city, Georgia",146.53930475668116,146.4326604904318,146.3569873580346,146.30329086624744,146.26518866089518
"Lumpkin city, Georgia",60.41121010596785,60.29399547940296,60.27984446888969,60.278136054979115,60.27792980270567
"De Soto city, Georgia",121.19577969514759,130.16242988887856,126.22181926225,127.95361561598249,127.1925359522028
"Leslie city, Georgia",96.83600706602243,95.45416446241555,95.66548445886876,95.63316808594436,95.63811010741189
"Portal town, Georgia",75.88765867777806,75.48293602927151,75.73691370704088,75.577533793307,75.6775502873742
"Sandersville city, Georgia",192.5922144646931,189.95189858422876,190.50551589817925,190.38943428363703,190.41377409544418
"Braselton town, Georgia",264.91151248086186,259.5617677019756,264.2509256781001,260.1407852071317,263.74340528884073
"Bremen city, Georgia",301.98264762248175,304.6868618550591,306.53219606077386,307.7914373922328,308.6507336248306
"Metter city, Georgia",155.6965602719195,187.29630023699397,173.95580325142097,179.58777554039494,177.21011960313317
"Lilly city, Georgia",126.47178845704809,125.72828895153403,125.6940925550517,125.69251973150077,125.69244739130774
"Daisy city, Georgia",229.03302513598723,229.53330254617765,229.73268754030647,229.8121522034593,229.84382275478433
"East Ellijay city, Georgia",192.62531472387113,194.20175233085348,194.17036368631585,194.17098866950678,194.170976225389
"Montgomery CDP, Georgia",308.9041085406863,318.7190304983772,328.53360415422605,338.34782952059305,348.1617066098379
"Arlington city, Georgia",106.99707411806733,131.96060247593607,117.29982920946983,125.90992108788735,120.8533199927488
"Jefferson city, Georgia",337.2805800078228,305.4660901027722,329.7826973679557,311.1969086077435,325.402490006174
"Ludowici city, Georgia",217.62304291314044,209.42404499098944,206.94277509967125,206.19186622860923,205.96461802211118
"Fort Valley city, Georgia",149.77098293838984,151.51168000130286,150.99353137924638,151.1477672886755,151.10185629954074
"Cobbtown city, Georgia",129.21280321458696,129.2292460416551,129.23903553670053,129.24486386615064,129.24833385352196
"Sylvester city, Georgia",127.73852210263858,129.92758956099408,131.1863614329913,131.9101886589105,132.3264085194247
"Midway city, Georgia",218.81069497054688,221.38271899607315,220.49930582326917,220.8027317734696,220.69851405282728
"Collins city, Georgia",199.4612508427619,266.729561074527,205.06786008975732,261.59024567124777,209.7788291712102
"Baconton city, Georgia",103.4972320511658,104.8514232350379,105.34225435936291,105.5201577421905,105.58463941837806
"Dublin city, Georgia",205.30919784342368,220.02496459595966,206.2565180757483,219.13862763672319,207.08579753004724
"Colquitt city, Georgia",145.5515931818927,147.61911229703267,147.13539876356077,147.2485676241292,147.2220908147862
"Thomson city, Georgia",144.6304846002102,145.48139702156251,145.5430703265312,145.5475403477112,145.54786433050018
"Oglethorpe city, Georgia",106.82564762560627,105.11222692698958,104.03042933677924,103.34741784571361,102.91618680845738
"Rutledge city, Georgia",268.8672146967692,275.4546166035635,278.81903419630885,280.5373604649246,281.41497006124274
"Locust Grove city, Georgia",159.76388295540693,163.84911928387532,167.2060509355944,169.96451806166593,172.23121326879675
"McDonough city, Georgia",179.1837688198951,184.84443510972034,188.8934472660799,191.78966099834244,193.8612907339488
"Nicholson city, Georgia",143.76579640849872,142.08413768606246,142.23743127973256,142.22345762054312,142.22473140600582
"North High Shoals town, Georgia",402.58555147549856,419.7823318797263,402.58641738414735,419.7814660146786,402.58728320559624
"Zebulon city, Georgia",221.5002393485716,219.68305868581587,218.87287477783664,218.51165699789777,218.35060926137902
"Tallulah Falls town, Georgia",250.56977721762735,231.500680388358,242.7322016689887,236.1169397398744,240.0132676991383
"Clermont town, Georgia",340.93627086846055,353.14746810787017,365.3582639602669,377.5686584388446,389.77865155679643
"Richland city, Georgia",140.6973091254042,130.60921753951757,127.75607117906023,126.9491351907332,126.72091497102006
"Euharlee city, Georgia",158.2618969349921,157.0565076995133,156.46606554483924,156.17684615598543,156.0351763002226
"Aragon city, Georgia",115.78691128556262,115.88134191710327,115.87425662694493,115.87478824826111,115.87474835981371
"Georgetown CDP, Georgia",162.67137197412345,171.6715962881654,164.63099625151352,170.13864218860027,165.8301793288447
"Gordon city, Georgia",158.20173659048876,158.20788927860312,158.20408172971736,158.20643800525872,158.20497984028347
"Bonanza CDP, Georgia",112.51596105345143,116.3851740421226,113.67383570134254,115.57379717146794,114.24240538842602
"Waynesboro city, Georgia",160.1787962178031,160.03543810450623,160.03292917744858,160.03288526842357,160.0328844999666
"Doraville city, Georgia",179.9433880422545,179.29105648709796,179.5929931645896,179.4532394511688,179.51792553229402
"Pooler city, Georgia",170.32249396962516,170.88096748771096,170.79761879090566,170.81005806516697,170.80820158090174
"Skidaway Island CDP, Georgia",304.1244604063851,303.06298239320677,302.2715343210131,301.68142313340263,301.2414306361338
"Sparks town, Georgia",81.22025551345297,78.3120700127802,81.22015131637198,78.31217420612792,81.2200471267574
"Rhine town, Georgia",133.21100437786768,122.18124575768809,129.48483812330264,124.64860704337039,127.85102167546556
"Bowman city, Georgia",143.08785605185193,140.48730760612997,141.26433687409732,141.0321648935018,141.10153657716393
"Grovetown city, Georgia",166.7287062593174,161.24944500259664,163.85094330659211,162.6157779971464,163.20222210103645
"Harlem city, Georgia",268.90112570378744,256.31848484847563,247.50084578176237,241.32163748956947,236.99138368473348
"Coolidge city, Georgia",214.64505057435883,207.90035681073314,211.373088474635,209.5850361727639,210.50567483524966
"Leesburg city, Georgia",124.29601432406577,128.59991454338535,127.70048637348728,127.88844868478223,127.84916836018294
"East Dublin city, Georgia",160.1363822137214,160.65619000367667,160.24066916398183,160.57282572561311,160.30730840158253
"Pelham city, Georgia",132.6700412131705,131.9414882760667,131.68799597196846,131.5997960005395,131.5691077514909
"Culloden city, Georgia",250.73024841880869,252.0167973445488,251.84621634634146,251.8688333462606,251.86583460260968
"Forsyth city, Georgia",204.9834609562216,201.67137909339837,199.4635265525167,197.9917595358275,197.01067130130747
"Buckhead town, Georgia",164.95709144280545,168.33177213825573,166.06931579840708,167.58611372735555,166.569220752786
"Stockbridge city, Georgia",180.35318492297057,181.2633770354531,181.61899801060827,181.75794260948575,181.81222962545493
"Flemington city, Georgia",181.81913773846966,181.91014362999383,181.91978361194464,181.92080474640588,181.92091291212583
"Fort Stewart CDP, Georgia",69.8998649043388,69.02034012603609,68.74613187206997,68.6606423345401,68.63398937671931
"Darien city, Georgia",157.40206479840793,157.23167797697482,157.22961598324514,157.22959102933083,157.2295907273426
"Sharon city, Georgia",76.23561374425051,76.1839740709436,76.13234385097711,76.08072308262047,76.02911176414344
"Covington city, Georgia",207.27315011690735,208.30289016592155,208.3653125065084,208.36909651841322,208.36932590337318
"Crawford city, Georgia",239.217287395705,240.7775541625461,241.42067036465852,241.68575224566075,241.79501462064815
"Cairo city, Georgia",154.16621933197771,152.5068827150449,152.8612794431667,152.78558832683638,152.8017542353697
"Shady Dale town, Georgia",96.37255413813466,97.32804237763033,97.72335214652075,97.88690184490605,97.95456651182536
"Louisville city, Georgia",208.85423346830217,214.97296026746866,219.2013124762587,222.12331945392194,224.14257526704068
"Wrens city, Georgia",157.1344061988149,154.23508019064155,155.27021760887578,154.90064569057202,155.03259281217422
"Milner city, Georgia",226.7675539306266,236.9647231966149,242.12188603291355,244.73009305844656,246.04917956084643
"Smithville city, Georgia",109.52218930528036,112.97766748574067,115.43610623338994,117.18519008236919,118.42959542445278
"Dudley city, Georgia",162.5885985713391,176.3331085434873,162.58882335750877,176.3328837609939,162.58904813632594
"Montrose town, Georgia",137.1038889371927,133.64081505691166,131.38062012553627,129.9054910048718,128.94273956585846
"Dahlonega city, Georgia",344.0257065290402,350.73541097631437,354.61794219863515,356.8645461751217,358.1645304220348
"Morven city, Georgia",145.29374105616625,121.28025199247088,140.0202723353186,125.39564358941563,136.80863898870402
"Alma city, Georgia",136.04115326009298,138.19398036980527,139.38623620080568,140.04651865458084,140.41218926606152
"Enigma town, Georgia",103.56480773230747,101.75116425765745,101.32865993138877,101.23023380287407,101.20730456364012
"Ray City city, Georgia",126.39466981374305,125.52730992164066,125.74347925597326,125.68960406352859,125.70303120558789
"Richmond Hill city, Georgia",158.73319249493218,158.04624588238875,158.21420265421122,158.17313763302045,158.183177930575
"Folkston city, Georgia",162.26502788185917,112.72109862680156,151.71106421703496,121.0268322720607,145.17463737524912
"Homeland city, Georgia",72.71711358401747,71.22337887950565,70.42453495756037,69.99731611494971,69.76884102179616
"Carrollton city, Georgia",255.65945322434382,265.95709027425346,256.75340547417596,264.97935221211435,257.62727516849054
"Isle of Hope CDP, Georgia",861.701234026507,977.99098461852,1023.7432780616912,1041.7437668808134,1048.8257637238746
"Port Wentworth city, Georgia",109.67531795383695,114.43632944579626,109.96433690060557,114.16485550007046,110.21933092100431
"Du Pont town, Georgia",92.69520087626381,114.68479923022232,94.8495775675603,112.74149228441603,96.6024938058744
"Sharpsburg town, Georgia",228.34004118040806,220.29854945828697,223.21644082760326,222.1576708459456,222.5418502865675
"Newnan city, Georgia",222.86589720031884,220.6916307553133,221.71613491865435,221.2333933562694,221.4608589190192
"Senoia city, Georgia",314.98155256135345,335.275795926447,352.7277496909155,367.7354878321173,380.64133248164006
"LaGrange city, Georgia",153.3458337136078,153.9365585574786,153.59446868323258,153.7925735763582,153.67785065809935
"West Point city, Georgia",185.15082901276313,168.71350012733072,157.7465680379628,150.4294668050854,145.54752078628215
"Lincoln Park CDP, Georgia",120.69996991890883,127.71436409132743,124.78569519201173,126.00848098234344,125.49794013923669
"Stillmore city, Georgia",135.61331353586527,137.28829026591382,137.3833228675398,137.3887147008768,137.38902061554435
"Summertown city, Georgia",125.95279536020166,123.43697738831798,123.99973981597853,123.87385568861885,123.90201466431128
"Toomsboro city, Georgia",72.63209258310583,73.31791789225137,72.71573154696942,73.24447901313661,72.7802142798549
"Nunez city, Georgia",110.31451877755711,106.44818363343349,104.63605548744574,103.78672186915557,103.38864428465634
"Odum city, Georgia",112.19000403835346,115.18774516941724,113.89773934635015,114.45286233755937,114.2139785047435
"Pendergrass town, Georgia",256.7015400573687,252.78761809404486,253.53280531215958,253.39092614460205,253.41793908537383
"Rebecca town, Georgia",148.95762627606183,150.27613280774221,150.91264875558173,151.21993016990865,151.36827188532246
"Walnut Grove city, Georgia",181.1556149447133,187.64777479133565,193.69472237501014,199.32698897712265,204.57301213811647
"Berlin city, Georgia",119.34910177170426,119.7998412877897,119.85079572872944,119.85655594046776,119.85720711117355
"Cohutta city, Georgia",206.9442399433473,210.77873751649258,213.1809703230578,214.6859191062708,215.62873815107966
"Lithia Springs CDP, Georgia",139.33846545009416,139.177221857747,139.0275669611764,138.88866787227903,138.75975156323318
"Grantville city, Georgia",124.83262878207724,126.718326429434,128.14781840124215,129.2314742568499,130.05296191578907
"Dawsonville city, Georgia",324.95543212928516,344.8869298139163,355.69488800959533,361.55555950592833,364.73353908042947
"Moody AFB CDP, Georgia",107.95950686759625,108.20280738785499,108.27869668149792,108.30236775660906,108.30975114061515
"Carlton city, Georgia",144.68364223618602,144.5135710914111,144.47945723636062,144.4726144817714,144.47124192243152
"Ila city, Georgia",224.16961933140678,231.73166083464886,237.62755611842368,242.22440753511253,245.80843369739287
"Mount Vernon city, Georgia",145.9790346105542,146.2434162667088,146.36326104293457,146.41758693905575,146.44221298519906
"Oxford city, Georgia",123.02017421944993,122.89812653000959,122.98696975521473,122.9222973414964,122.96937488833801
"Chickamauga city, Georgia",266.9807827805553,289.1952330863894,270.68196920143293,286.1107074756373,273.25257688272063
"Clayton city, Georgia",263.46749891035597,275.48627080066643,284.48485728512674,291.2221977935686,296.2665186105191
"Santa Claus city, Georgia",102.83816040873714,98.57618305373653,102.83810002836427,98.57624343325396,102.83803964970224
"Jesup city, Georgia",195.1163968805188,195.1895161530995,195.20027410966387,195.20185691574707,195.20208979223082
"Franklin city, Georgia",643.6975752047429,657.088556703195,653.4957025069426,654.4596797387102,654.2010407701888
"Stapleton city, Georgia",134.7717241892386,134.9425325995351,134.91370046718842,134.918567275879,134.91774576789805
"East Point city, Georgia",194.31243359498325,210.30595836355488,223.62038254444872,234.7044865073929,243.93187471376044
"Sky Valley city, Georgia",196.8845192800241,179.2851297233814,161.68610345132197,144.08744045634694,126.48914073095759
"White Plains city, Georgia",79.40392549661841,61.1963886287793,79.4029828369496,61.197331239643745,79.40204027488699
"Summerville city, Georgia",123.72488926509763,124.75129898692991,125.54733395651485,126.16470113389398,126.64350199851405
"Graham city, Georgia",86.0358630828888,88.98696425587066,89.64964408897572,89.79845110556487,89.83186622864535
"Broxton city, Georgia",90.583007912551,126.45396057653512,110.73419409350586,117.62308440527836,114.60415853390066
"Newton city, Georgia",193.0519702601149,189.5095013054951,188.87662296393003,188.76355634278158,188.7433564718454
"East Newnan CDP, Georgia",129.94180201295242,124.48776327637263,128.11420842374133,125.70294861389243,127.30621948504051
"Byromville town, Georgia",128.40894299983916,131.6721140451466,133.9458785647243,135.5302285784709,136.63419732477058
"Vinings CDP, Georgia",346.3975819895418,346.94996053246905,346.98203034019855,346.9838922383135,346.98400033576826
"Social Circle city, Georgia",194.92291575063652,196.48855803672902,196.2598981430508,196.29329360473537,196.2884162436766
"Raoul CDP, Georgia",109.69261793751728,106.9545278604947,107.55950640276899,107.42583693744216,107.45537108570069
"Cedartown city, Georgia",150.82019299136695,149.68368224570725,148.81646099073015,148.1547226763709,147.6497793367354
"Camak town, Georgia",121.17249712382308,109.44906283310459,105.4728416459773,104.12423213984674,103.66682609666339
"St. Marys city, Georgia",197.67889355530673,203.80490585742453,197.93730962622536,203.55739065682997,198.17438379234662
"Between town, Georgia",210.80196002936387,211.95713234970398,211.38015789807943,211.66833959354236,211.5244013491954
"Bethlehem town, Georgia",296.33271249330943,366.5244765667056,426.5138626609828,477.7837871524837,521.601624415115
"Rayle town, Georgia",72.71915433870078,77.1636004393469,75.23530385883836,76.0719272801147,75.708944346834
"Talbotton city, Georgia",61.15848887776585,69.16686570962756,68.64686904525024,68.68063325698012,68.67844089292889
"Woodland city, Georgia",121.28145017822204,117.43826863535296,119.8574860696782,118.33462982953972,119.29324193906908
"Tignall town, Georgia",118.74094994736677,126.45975821669184,130.2769288053492,132.16462840799588,133.09814963977445
"Poulan city, Georgia",81.50759781539162,74.0193753665921,81.50731047679285,74.01966269416509,81.50702316024521
"Hazlehurst city, Georgia",197.02569485419747,197.16883342036087,197.16157033957032,197.16193887995732,197.16192017962604
"Wadley city, Georgia",94.30260018549063,89.22187449484687,92.5020326888534,90.384335644606,91.75153823239842
"Wrightsville city, Georgia",129.70785776569286,140.9515632557215,135.23917832338296,138.1413658312421,136.66690421310224
"Montezuma city, Georgia",132.43046222883567,121.439714581984,128.11185334866119,124.06140681379343,126.52030608215992
"Camilla city, Georgia",112.14876071755369,112.15082238028909,112.15144035445077,112.15162558943511,112.1516811127912
"Pitts city, Georgia",131.2055729926171,126.9259286074129,124.67190770831733,123.48475060920778,122.85949377217857
"Attapulgus city, Georgia",78.54052869864545,75.94466243671677,73.86067093465067,72.18761841866437,70.84447248046213
"Blue Ridge city, Georgia",262.1574391396008,261.28439913486443,261.5610394981274,261.4733804101462,261.501156963123
"McCaysville city, Georgia",257.2944316856276,198.59315984961893,245.35438719139103,208.10455743271825,237.77764122302747
"Ranger town, Georgia",143.54475031348838,138.34708943384695,135.30966576254832,133.53464758175434,132.49735746911026
"Mount Airy town, Georgia",294.1897932359024,290.89036042042454,291.2796061256925,291.23368543945855,291.23910286448256
"Americus city, Georgia",140.80096600804035,146.27782952048716,140.80105211895363,146.2777434109278,140.80113822715916
"Kingston city, Georgia",96.1674211178967,97.19127504050013,96.64687024661937,96.93634179432486,96.78242364762065
"Clarkesville city, Georgia",235.3795447707334,232.61000802250788,231.3607943546394,230.7973301619403,230.54317676559154
"Cornelia city, Georgia",177.51087311601012,192.1258816521047,177.51097571515365,192.12577905368144,177.51107831285665
"Dunwoody city, Georgia",302.76449172339784,308.4853182947954,306.1522920885582,307.1037299989824,306.7157214566985
"Dutch Island CDP, Georgia",805.3117852412155,814.5072200966833,805.9353546852425,813.9259367280443,806.4772195214573
"Henderson CDP, Georgia",226.65067492965935,222.41001596754842,225.13864021812591,223.38292480517663,224.51262839504074
"Heron Bay CDP, Georgia",382.3578267387073,439.0424507846547,383.66397321989854,437.7664009771036,384.91061985165
"Howard CDP, Georgia",141.59891598915988,141.59891598915988,141.59891598915988,141.59891598915988,141.59891598915988
"Knoxville CDP, Georgia",141.59891598915988,141.59891598915988,141.59891598915988,141.59891598915988,141.59891598915988
"Matthews CDP, Georgia",143.77633393846884,143.84375225285285,143.84583969275653,143.84590432512522,143.84590632630525
"Mendes CDP, Georgia",198.53715516358184,198.55034676066285,198.54873295970074,198.54893038488962,198.54890623277538
"Mineral Bluff CDP, Georgia",520.1277748761538,196.84403151490756,472.9455129949795,237.14018828891557,438.5304555980954
"Norristown CDP, Georgia",141.59891598915988,141.59891598915988,141.59891598915988,141.59891598915988,141.59891598915988
"Perkins CDP, Georgia",141.59891598915988,141.59891598915988,141.59891598915988,141.59891598915988,141.59891598915988
"Rockingham CDP, Georgia",226.51270856252634,207.77730572010867,211.9110902211883,210.99901085758486,211.20025230239023
"Chattanooga Valley CDP, Georgia",131.33817605889902,131.10018783175894,131.21459502911975,131.15959648164852,131.18603572929834
"Washington city, Georgia",108.289513160057,107.92060385325908,107.87307450077898,107.86695093787192,107.86616199334144
"Rome city, Georgia",223.92477712087282,225.46735232056844,224.52110317741398,225.10155296105967,224.7454924522901
"Gray city, Georgia",239.58337630444896,240.23144276744628,240.40433327742502,240.450456831331,240.4627616259966
"Hinesville city, Georgia",140.71403567694264,144.69195796924868,148.05368748520735,150.89467443971026,153.29558350670698
"Dasher town, Georgia",181.16059912182098,181.41679836056872,181.42827783880787,181.42879219794995,181.4288152447576
"Valdosta city, Georgia",162.87247852296713,163.02747503224185,162.95354308492753,162.98880796191904,162.9719869313037
"Comer city, Georgia",259.5181401926558,257.78694681582834,256.1358660350512,254.56119056485772,253.05938467789076
"Danielsville city, Georgia",173.03643751857297,174.84028072866866,175.9592683427823,176.6534158571183,177.08402006183104
"Martin town, Georgia",181.15322148144062,176.32137089528476,179.43237809144637,177.42934310474797,178.7190055532592
"Adrian city, Georgia",121.22216408252685,123.38424790282636,124.60202096715942,125.28792001616561,125.67424610532515
"Oak Park town, Georgia",179.22617108647532,169.97499642899982,175.71197600462713,172.15427269993714,174.36052995383685
"Fayetteville city, Georgia",212.88500488989524,212.6067472418651,212.65305464731736,212.64534820756666,212.64663070683542
"Peachtree City city, Georgia",230.78140146292418,230.47286589998217,230.45606548585104,230.45515066775914,230.45510085397868
"Gumlog CDP, Georgia",210.43868662488367,204.7998715480773,201.28330184610587,199.09024137145252,197.722569278165
"Alamo town, Georgia",170.5043402885601,215.71312292306885,177.86477233075192,209.55104121660077,183.02360685833514
"Allenhurst city, Georgia",184.02333288077983,184.52168255827976,184.34136762293045,184.40660991640024,184.38300368073843
"Norwood city, Georgia",88.7021295109794,88.85682975093924,88.79387505125523,88.81949423719401,88.80906860270667
"Riddleville town, Georgia",223.92943000036766,223.71973294895946,223.716896258664,223.71685788515433,223.71685736605423
"Tennille city, Georgia",122.10213085855978,118.95597517875,120.2831212988364,119.7232898717511,119.95944414444864
"Glenwood city, Georgia",271.6422827239219,272.27489676024555,272.24124002393836,272.2430306511357,272.24293538504304
"Berkeley Lake city, Georgia",285.37061170902336,296.1377798351276,285.3707629062553,296.1376286400189,285.37091409924096
"Grayson city, Georgia",201.64554675917313,193.4542541165917,197.64306748481974,195.50101760338413,196.59640603232702
"Lawrenceville city, Georgia",238.3944298385006,250.8907964218513,257.1818378248714,260.34893457019604,261.943344962954
"Varnell city, Georgia",153.66263765202888,153.76459141989892,153.7768917608453,153.7783757509965,153.77855478886045
"Milledgeville city, Georgia",191.3175798103219,191.0633362877647,190.95325158086655,190.90558608846396,190.88494744364218
"Carl town, Georgia",281.06154010058026,281.0591533358773,281.05968464818034,281.05956637394786,281.0595927027078
"Cochran city, Georgia",164.63235274520864,164.80581887080177,164.86113686440257,164.87877765971953,164.88440327336093
"Unionville CDP, Georgia",51.03540053583479,50.23632465560419,49.73032267361458,49.40990503605114,49.20700570736068
"Jeffersonville city, Georgia",137.09854079169125,138.46517333085112,138.17398993489982,138.23603131592083,138.22281238581522
"McIntyre town, Georgia",109.31122463225888,109.04951894225859,109.01745655557009,109.01352849179678,109.01304725235701
"Blairsville city, Georgia",260.36142982177535,274.26793469130223,285.0575254698451,293.4288071298052,299.92380384179813
"Salem CDP, Georgia",171.50292624057622,160.0552716147637,152.40655563298952,147.29608907174878,143.88154622092352
"Yatesville town, Georgia",157.97982360106874,162.00180330278252,166.02372274720503,170.04558193523906,174.0673808677874
"Waycross city, Georgia",102.29670268544079,102.24412312689904,102.27985012454415,102.25557418164668,102.27206930976843
"Dock Junction CDP, Georgia",130.863566076859,127.70536543977731,128.9410933436097,128.45758275394653,128.6467688114851
"St. Simons CDP, Georgia",291.95791962966297,294.501316498715,294.2292364292208,294.25834221491897,294.2552286213262
"Payne city, Georgia",132.3505134964276,154.67146641765416,147.61066630266347,149.84421333982613,149.137674096968
"Morgan city, Georgia",163.17261058358466,165.34868416092675,164.38475535419056,164.81174401584727,164.62260212496352
"Redan CDP, Georgia",132.1082957951917,138.79425832174473,144.32123963177904,148.8901438516502,152.6670492905121
"Stone Mountain city, Georgia",125.50020671638109,124.03624353293866,124.4248573696887,124.32169854997133,124.34908239758333
"Mitchell town, Georgia",133.86783498220132,145.26499325663622,151.57404642221653,155.06650927020593,156.99980994535792
"Alto town, Georgia",146.60601931290768,160.51987675860772,147.44835278389345,159.72853746225053,148.19178505095778
"Menlo city, Georgia",135.5526610070277,135.77117540668138,135.71229748583346,135.72816193032256,135.72388731268452
"Douglas city, Georgia",172.46348949916052,170.28606667561948,169.53790208791028,169.28083201210765,169.19250248547834
"Riverside town, Georgia",141.55424909456696,141.55481558827833,141.55480840364802,141.55480849476803,141.55480849361237
"Royston city, Georgia",426.2190688352399,458.39663818483376,473.0893705823813,479.7982796040837,482.8616621692621
"Brunswick city, Georgia",136.32811013831827,135.57276636876895,135.3857863623731,135.3395007845988,135.3280431172728
"Woodville city, Georgia",85.19512817038692,112.05398027914455,88.24929499104563,109.34710808338798,90.64836403815806
"Baldwin city, Georgia",159.5355065885743,159.5520091691324,159.55187207379447,159.55187321271524,159.55187320325365
"Maysville town, Georgia",255.75142975613755,268.47061423275073,278.40272694909953,286.1584807233796,292.21476686562676
"Ellenton town, Georgia",92.23049280643542,94.88383889972465,95.06808839485612,95.08088275912773,95.08177120529145
"Hawkinsville city, Georgia",147.7975901769471,147.88741241122418,147.87991062840246,147.8805371630902,147.88048483610015
"Belvedere Park CDP, Georgia",205.63317803690873,210.10366145272448,212.98893497734164,214.85110569525665,216.05296047715993
"Holly Springs city, Georgia",228.45240724756326,233.73685417951052,239.0211894979628,244.30541320527755,249.5895253038121
"Druid Hills CDP, Georgia",382.9557304324584,385.7470556036955,387.4400965617408,388.46698791612516,389.0898351359153
"Guyton city, Georgia",182.18555320307883,181.5079512636471,181.06301133917722,180.77084638971843,180.57899946163266
"Bellville city, Georgia",174.4646457713364,174.6977408424772,174.74302372411697,174.75182073282062,174.75352970891333
"Satilla CDP, Georgia",128.21280685004737,123.20489891716365,127.58968476771665,123.7504873996974,127.11198256342288
"Seville CDP, Georgia",29.711518324130168,29.71388301347791,29.71387767421215,29.713877686267754,29.713877686240533
"Statenville CDP, Georgia",55.94685211565781,52.91456197200283,53.972557967339434,53.603412709755645,53.732211137913445
"Talahi Island CDP, Georgia",599.9980333541397,601.5985620693792,601.6837265931041,601.6882582182054,601.6884993470835
"Tate City CDP, Georgia",141.59891598915988,141.59891598915988,141.59891598915988,141.59891598915988,141.59891598915988
"The Rock CDP, Georgia",144.1712718715776,145.2840735699003,145.76547181975133,145.97372480436567,146.06381508951776
"Yonah CDP, Georgia",168.79822281525153,167.97516824024632,167.93097557394663,167.92860271579846,167.92847530878134
"Jenkinsburg city, Georgia",184.23264435459424,185.291890938801,185.49125211212078,185.52877394888668,185.53583594702224
"Cave Spring city, Georgia",167.8650199649787,168.47287243320238,168.7035960487274,168.7911722116021,168.8244136476224
"Woolsey town, Georgia",662.0726190925777,684.7453769112042,706.0469201467874,726.0601778125422,744.8630634986281
"Carnesville city, Georgia",127.77957581575987,125.79354117915993,124.47421381892546,123.59778163018822,123.01556571880272
"Franklin Springs city, Georgia",196.51146770487554,200.2530278438482,203.45754151582932,206.20209391977212,208.55270579696574
"Commerce city, Georgia",215.34060610862437,230.52046318581858,244.10172030791705,256.25272700571156,267.1241038188054
"Lone Oak town, Georgia",179.96474689148354,142.56434123231213,179.023615293958,143.48179050157813,178.12925241857502
"Arnoldsville city, Georgia",193.17942219659415,187.18866895466994,185.7595783721628,185.4186696732836,185.33734610821776
"Molena city, Georgia",80.10079965614119,80.2878048309551,80.21533126680788,80.24341828368016,80.23253320405055
"Newington town, Georgia",141.3582613772724,143.42095001951495,143.04614626310757,143.11425050964297,143.10187553122597
"Centralhatchee town, Georgia",83.45009247292327,79.44351544195706,77.38393673773174,76.32521144526545,75.78097429491608
"Millen city, Georgia",94.50841738749358,93.2620633221468,93.79510523175928,93.56713335337955,93.66463258635686
"Avera city, Georgia",66.52754378623527,65.1133304553545,65.85206840815812,65.46617630051365,65.6677534879008
"Lindale CDP, Georgia",108.01395957125973,107.03735679545906,107.39519158517223,107.26407815819667,107.31211912913483
"Cumming city, Georgia",256.5323653994554,267.0593844872806,262.000866309336,264.4316214873322,263.26357769911044
"Arcade city, Georgia",350.62670839970394,428.36395884532146,495.5581989826275,553.639310441394,603.8432490735199
"Talmo town, Georgia",349.4421896388619,347.48038291106826,347.69334855925723,347.6702298867265,347.67273955447865
"Warm Springs city, Georgia",171.0880486761387,176.0722370725968,180.11304761442182,183.389037311466,186.0449669533177
"Higgston town, Georgia",99.0929216145844,93.5845190976371,99.09129070050203,93.58614952884248,99.08966075203065
"Uvalda city, Georgia",142.04904622905661,144.5222154028182,143.61602429450056,143.94806074938853,143.82639964902833
"Eton city, Georgia",204.90029470000889,202.0226408007263,202.77857084641093,202.57999580786608,202.63215942559526
"Bishop town, Georgia",472.7555510159492,495.9689041285782,519.1813437775037,542.3928699986711,565.6034828280247
"Perry city, Georgia",183.1268673333033,184.4474407589495,183.86574994363565,184.12197515463058,184.00911217481203
"Warner Robins city, Georgia",148.0550286651665,149.93418959078855,151.23396118113496,152.13298274125623,152.7548148935865
"Dallas city, Georgia",145.46014768913437,158.60744252546556,150.39436751881644,155.52505043911123,152.31992845894015
"Hilltop CDP, Georgia",141.88635897607926,141.8173662619848,141.83392604884597,141.82995133145027,141.8309053520852
"Maxeys town, Georgia",221.3658699926394,222.26778329132244,222.23294550420948,222.2342911672712,222.2342391889676
"Dillard city, Georgia",357.66273786153835,367.99433897011005,370.4884344471198,371.09052043389676,371.2358667283008
"Hiram city, Georgia",115.01945655722403,114.90754934914969,114.84542534628201,114.81093791871847,114.79179261891406
"Rocky Ford town, Georgia",109.58445346354092,118.61558247675126,122.22088644258606,123.66015463010183,124.23472280388832
"Forest Park city, Georgia",92.34042104877405,92.5506197234178,92.69507056473734,92.79433877179567,92.86255697559814
"Morrow city, Georgia",117.25875663111977,117.294046499472,117.26775380856981,117.28734315891757,117.27274812760355
"Thomaston city, Georgia",154.8779181631419,155.85525771319138,155.80128125691257,155.80426226574647,155.8040976307504
"Palmetto city, Georgia",132.21959788711013,132.44261191958802,132.4798400704341,132.4860546354999,132.4870920445057
"Phillipsburg CDP, Georgia",133.3191405890346,131.78192675148614,132.23156323840658,132.1000441449455,132.13851360293654
"Sunset Village CDP, Georgia",173.2516080723928,173.3510498641603,173.35604945628918,173.35630081862902,173.3563134562651
"Sunnyside CDP, Georgia",116.47827638412619,114.3342400852954,115.44255159649805,114.86963480095025,115.16579129784036
"Deepstep town, Georgia",153.91927019173264,155.1089169439455,156.065014501275,156.83341279886295,157.4509605995134
"Reidsville city, Georgia",156.3597353610245,156.20175858270034,156.20404119478306,156.20400821323997,156.20400868979146
"Cleveland city, Georgia",216.78329865669429,226.30989292735666,222.19022506517436,223.97172880224048,223.20133767573367
"Lyons city, Georgia",320.6200189463451,375.44246633261844,420.29280634130384,456.9849478781727,487.0028529888341
"Young Harris city, Georgia",327.0526097689458,307.3998560880195,299.36264279631024,296.07573458257116,294.7315167282696
"Lookout Mountain city, Georgia",452.0921647612308,467.833762550374,472.43476348542055,473.77955769804487,474.1726181428999
"Lovejoy city, Georgia",125.08445263468128,126.60955824701445,125.08461841695018,126.60939248276647,125.08478416317925
"Bainbridge city, Georgia",179.79356734293114,179.7951356730008,179.79626795779845,179.79708543167578,179.79767562200732
"Brinson town, Georgia",154.1755702061539,153.935660942833,153.85372754766613,153.82574579677143,153.81618951777753
"Mansfield city, Georgia",133.31660456655658,127.43128922736055,131.20295601951509,128.7858433295119,130.33487564814814
"Dexter town, Georgia",103.06629753992067,97.11688340100307,99.89922920892755,98.59801735611084,99.2065514502872
"Gay town, Georgia",241.36058616970084,239.69064499487033,239.65194205442904,239.65104506618695,239.6510242773813
"Greenville city, Georgia",96.35070084472369,105.47220534550961,101.4712668845352,103.22618665321207,102.45643140090488
"Pine Mountain town, Georgia",302.71967928322636,319.282352117047,302.72212884726616,319.27990291528954,302.7245776867949
"Chatsworth city, Georgia",224.85679519230808,223.79957905305287,224.03856614397486,223.9845423474146,223.99675459948028
"Newborn town, Georgia",147.0205850368073,148.60253161195453,148.48853239811515,148.49674748006555,148.4961554797422
"Meansville city, Georgia",128.19796880920708,122.26702551483854,119.04944510374028,117.30388403730532,116.3569043049127
"Tiger town, Georgia",55.39010233689194,56.90255043224054,55.41365457030284,56.87936496030751,55.43647899206272
"Sasser town, Georgia",173.02813803406872,189.92934782276632,182.63525415192888,185.7831827998846,184.42462405087383
"Fairview CDP, Georgia",200.3676682031499,197.3238737749418,199.06225149553075,198.06942587254045,198.63645034943727
"Albany city, Georgia",125.39710488553902,125.55046217117905,125.62566337550197,125.66253949200349,125.6806222870927
"Bartow town, Georgia",167.9850782826099,167.81940734106243,167.89811599631585,167.86072227866123,167.8784876707332
"Barnesville city, Georgia",199.65157495597774,178.02563572302972,197.89694407054654,179.63790379540825,196.41548813654117
"Putney CDP, Georgia",118.81992852036427,118.84900555350193,118.8488297494921,118.84883081242894,118.84883080600227
"Snellville city, Georgia",142.33302212843878,141.77743116726663,142.01480284334562,141.91338774385287,141.95671651236904
"Sugar Hill city, Georgia",224.47789236885757,225.76895685910318,226.1887954510198,226.32532189458192,226.36971864645417
"Dalton city, Georgia",210.49435179266504,210.47438544067214,210.4727561367034,210.4726231814483,210.47261233196892
"Candler-McAfee CDP, Georgia",173.41416358845314,187.82538031333863,200.5228888023924,211.7104744800947,221.5676896498131
"Alapaha town, Georgia",256.4491187974761,275.96077025455384,291.9715343333903,305.10955942327433,315.8902880888463
"Nahunta city, Georgia",73.15653180995304,65.01018645439498,56.86408007362403,48.71821266062981,40.57258420840215
"Davisboro city, Georgia",91.11733533162906,94.3884566953767,95.03032575683676,95.15627519320607,95.18098936230103
"Flovilla city, Georgia",179.7950930057122,185.88154351518872,191.76717091844105,197.45860139602067,202.96224249692054
"Harrison town, Georgia",87.18922399986846,99.62243052214889,87.18943498357321,99.6222195420244,87.18964596011749
"Helena city, Georgia",89.05556348638957,89.4714960529716,89.5653227696582,89.58648834665672,89.59126291050698
"Lenox city, Georgia",107.96682489404037,107.91528786614043,107.91724354544023,107.91716933313735,107.91717214927694
"Bostwick city, Georgia",409.7589955424175,408.7240923766783,408.76936234764094,408.76738209447444,408.7674687170748
"Union Point city, Georgia",99.47985556436748,99.93899020425222,99.88327407898815,99.89003524737925,99.88921477758176
"Centerville city, Georgia",143.95210043621597,148.5509582713535,147.24544880228277,147.61605277286242,147.51084686952478
"Baxley city, Georgia",138.71921564150438,140.3116450460964,140.56051518974874,140.59940944039678,140.60548796275899
"Winterville city, Georgia",175.5915912922609,171.2988891049734,169.27341289061442,168.3177086008821,167.86676739360567
"Lula city, Georgia",158.1464638291239,163.8185816705624,158.14653952459577,163.81850597610068,158.14661521804732
"Moultrie city, Georgia",195.5897745645522,199.90508097904777,203.04802839507377,205.33711693504927,207.00431833877894
"Norman Park city, Georgia",116.4604220921994,116.60316331977133,116.57250467492385,116.57908968557476,116.577675325433
"Girard town, Georgia",106.71326508467843,110.53648257232408,112.44426409535473,113.39624507770225,113.87128259107101
"Chamblee city, Georgia",231.1597942066878,231.88334547056738,231.68839629927433,231.74092219658817,231.72676994413013
"Clarkston city, Georgia",181.1485961332438,187.42697258175872,192.37776366823513,196.2816921094378,199.36012079039398
"Lithonia city, Georgia",130.33783860011178,149.58462190865467,133.4625258253187,146.96722310140575,135.65499375008335
"Pine Lake city, Georgia",184.43046596058863,185.8345161294837,185.39395435864435,185.53219348871608,185.4888169219146
"North Decatur CDP, Georgia",256.568947791233,255.81122138940665,256.2686787032652,255.99250092524628,256.15923596862797
"Scottdale CDP, Georgia",206.36554037511382,205.7867713886811,205.47408685601133,205.30515655866844,205.21389062646293
"Whitemarsh Island CDP, Georgia",188.91687115674765,193.26833737480445,191.05265074269516,192.18083765848377,191.60638561345567
"Woodbine city, Georgia",205.60757380259463,202.2447437778135,201.1444098431687,200.78437536066173,200.66657037027406
"Roopville town, Georgia",122.1083589114348,120.80258052817594,120.46529999458103,120.37818095523978,120.35567824233534
"Villa Rica city, Georgia",176.2342389596891,179.4423146089712,180.99333419012447,181.74321106464868,182.10575666612203
"Wilmington Island CDP, Georgia",199.0210119866724,202.98492858736927,201.2488672031595,202.0092033639189,201.67620184529952
"Adel city, Georgia",146.77220139474068,142.03076331220532,146.5167114483104,142.27248631460077,146.28801356526859
"Roberta city, Georgia",212.12667472171347,212.28264021891272,212.26813506356623,212.26948407687627,212.26935861548912
"Chester town, Georgia",136.7560971697392,134.1859352968144,133.38231624335765,133.13104662883185,133.05248151901725
"Claxton city, Georgia",174.4508577191745,185.06624820322503,174.7172580959228,184.80653332342933,174.9704552558166
"Hagan city, Georgia",184.11324193714125,166.4032722388846,183.90040399723975,166.6135522981441,183.6926510780814
"Mountain Park city, Georgia",263.67335158909793,342.2537934502801,306.9575445129902,322.8116827633703,315.6904246345323
"Nelson city, Georgia",208.81661215639522,205.6846871511693,205.10646029758186,204.99970605102368,204.97999671188197
"Acworth city, Georgia",210.26955934517662,226.7622871373866,240.66028781787492,252.3717782000836,262.24075217165114
"Marietta city, Georgia",276.40004453930004,277.78409670038434,278.7157993355461,279.34299376128746,279.7652023424758
"Smyrna city, Georgia",243.3833018621145,243.93256142889737,243.71215809324534,243.80060012194056,243.7651106752106
"Dooling town, Georgia",101.86387314547427,110.7490889051927,115.65521844158921,118.3642249169328,119.86005090950202
"Austell city, Georgia",116.9018813908973,122.9259100860584,121.2372958988739,121.71063658456008,121.5779529873084
"Mableton CDP, Georgia",221.0379765383108,232.01168471422403,241.13713941285823,248.7256338508284,255.03603149531207
"Canon city, Georgia",121.29201893912847,121.02346391176293,121.16141998436767,121.09055228118139,121.12695685011462
"Lavonia city, Georgia",271.6994983141246,274.7614041046339,276.70968113565965,277.94936114194456,278.7381640141796
"Siloam town, Georgia",79.41289241539252,80.818888223234,81.03011691185972,81.06185068990494,81.06661818941258
"Swainsboro city, Georgia",130.89479390676885,128.58298657489362,127.06683979095412,126.07250906159116,125.42039964195669
"Greensboro city, Georgia",171.53532355688836,187.72121092011398,174.43127513721055,185.34339809655992,176.38365371366075
"Jackson city, Georgia",184.95635541751548,178.32961729026158,184.95603596347775,178.3299367288994,184.955716540239
"Offerman city, Georgia",140.93509815265168,140.95758635720756,140.9577328072016,140.9577337609283,140.95773376713927
"Vidette city, Georgia",140.63820510597787,140.174925375268,139.9515198610349,139.84378792181693,139.7918367836926
"Atlanta city, Georgia",263.9357554198543,265.21776911656394,265.93374723605206,266.33360619926077,266.55691915549005
"Surrency town, Georgia",95.24825163301114,93.63277367204358,94.17629421149525,93.99342908801879,94.05495326412039
"Bogart town, Georgia",242.3220050989047,247.49251431482847,251.89173346622218,255.63471666841565,258.819355298538
"Bluffton town, Georgia",145.28083313401314,148.96262966784116,152.64430559459487,156.3258609182251,160.0072956426825
"Gibson city, Georgia",144.3482407833164,146.77214586889986,147.66634706278293,147.99622622343887,148.1179217225944
"Homer town, Georgia",240.61552413357032,240.63581294348444,240.6356316420355,240.635633262151,240.6356332476736
"Ambrose city, Georgia",142.11551267165692,146.24552009847088,143.24893083850782,145.42315143061293,143.84561284489692
"Deenwood CDP, Georgia",164.06310133706998,164.0800712417695,164.08546009567704,164.08717134550142,164.08771475900116
"Duluth city, Georgia",209.26187098260374,217.22550176465307,223.98571529762364,229.72436494903278,234.59582347042465
"Loganville city, Georgia",184.61009170770402,184.2061809625113,184.03556523560167,183.96349553551232,183.93305261114043
"Hapeville city, Georgia",160.6251103701967,160.82734931167326,160.79236662164183,160.79841782322003,160.79737110438546
"Riverdale city, Georgia",132.55848048963384,137.5635466826891,141.5940169452805,144.8396664354258,147.4533169343896
"Climax city, Georgia",148.41286256089802,161.62545253411454,151.1401428795915,159.4611245171129,152.8577205459101
"Douglasville city, Georgia",218.40806657324453,229.60344581342363,238.4505241847719,245.44187249281956,250.96674173357795
"Buchanan city, Georgia",183.1498634126851,183.14716249746616,183.1471529767825,183.14715294322224,183.14715294310395
"Reed Creek CDP, Georgia",305.3951511909598,191.30502959475925,305.3944694263615,191.30571135528353,305.3937876699112
"Rockmart city, Georgia",276.63571898295504,294.96268122046934,300.75836145367924,302.59117525720546,303.1707804637087
"Donalsonville city, Georgia",113.75711396231719,111.11550689998619,110.3011153035548,110.05004326419069,109.97263926195555
"Iron City town, Georgia",143.40235040669674,143.24732150084725,143.26680308867049,143.26435494996994,143.26466259343061
"East Griffin CDP, Georgia",64.81078498566237,63.174754522947254,63.80653037679158,63.56256136851387,63.65677338475005
"Griffin city, Georgia",180.57795240112713,180.63447677252825,180.62003724031499,180.62372591628554,180.62278361911035
"Vienna city, Georgia",136.44085728092327,134.64688662913747,135.2730156133767,135.05448500112047,135.1307562322808
"Hampton city, Georgia",183.1269994773856,181.67272543934033,182.6367780469281,181.99769806208147,182.42135048915546
"Remerton city, Georgia",112.44148026483391,112.19906794146382,112.38443270642344,112.24269034113917,112.35107608597453
"Hoschton city, Georgia",295.97703859210964,298.9338250658856,300.64430248312965,301.63380004098525,302.2062164945037
"Gumbranch city, Georgia",143.4702928397129,143.1132081518045,143.08406886375334,143.08169100175903,143.08149696037907
"Riceboro city, Georgia",115.85931097677482,115.73682762022203,115.75006005950544,115.74863049834451,115.7487849403993
"Colbert city, Georgia",170.1315167743969,176.36168199963922,179.62625281722708,181.33686918737828,182.23322234659432
"Luthersville city, Georgia",167.06618247933412,165.686834131896,166.09178797926984,165.97290023143773,166.00780370667636
"Byron city, Georgia",221.65960960684674,246.77066970548728,223.19226223418633,245.3315624747524,224.54353360814957
"Cuthbert city, Georgia",148.47838441348756,146.1485038180713,147.80852179817,146.62577462233943,147.46847084533576
"Shellman city, Georgia",137.80230609786673,137.7233321742319,137.70038288969405,137.69371398385073,137.69177604521593
"Hephzibah city, Georgia",164.55716393409318,163.0824275331153,163.18880297554207,163.18112991970375,163.18168339129977
"Oliver city, Georgia",102.21679930674128,101.91352270618884,101.79591255967479,101.75030354619383,101.73261644884414
"Bronwood town, Georgia",96.15892149777358,99.16767122786199,100.09338768654972,100.378207308905,100.46583912804064
"Dawson city, Georgia",114.82360770655674,113.86282191522915,114.20176811365911,114.08219460781929,114.12437777247803
"Waleska city, Georgia",369.96394785048557,343.95593943433,369.9614970192212,343.9583900346434,369.959046649837
"Alpharetta city, Georgia",310.85732406741374,317.9724602661379,310.9371554444238,317.89352459211614,311.015205465188
"Roswell city, Georgia",290.70463035096327,289.7944809718586,289.64119454990424,289.61537820843876,289.6110302467722
"Tallapoosa city, Georgia",215.22325108010943,211.867224142154,211.25455324246073,211.14270502483004,211.12228619345836
"Hartwell city, Georgia",181.21431016944257,197.54484735631783,181.21468244288104,197.54447509136577,181.21505469934687
"Talking Rock town, Georgia",350.74446848992824,360.71089139714303,367.53035230957585,372.19652467343707,375.38932316716654
"Meigs city, Georgia",147.3606802390443,147.14782974290924,147.27196343867482,147.19956908346202,147.24178922872034
"Orchard Hill town, Georgia",107.92057095076824,108.04333430203721,108.03396453569168,108.03467967193114,108.03462509001073
"Geneva town, Georgia",152.0409234844577,141.59907868615855,152.04076078999404,141.59924137808727,152.04059810060022
"Junction City town, Georgia",192.30424598613865,193.5709048253821,192.55112507505638,193.37214389003222,192.71114636156682
"Rochelle city, Georgia",160.63101212941848,162.32796277206165,162.60469739194957,162.64982660662446,162.65718617015864
"Turin town, Georgia",488.5254671149568,485.07110493298507,488.3488711527883,485.2386728511295,488.18986974162107
"Boston city, Georgia",109.18634536966569,109.5140185878978,109.5997984317878,109.62225428477906,109.62813288411776
"Monroe city, Georgia",173.8835272939362,173.26239536632826,173.5162325751718,173.41249724016555,173.45489062992067
"Irwinton city, Georgia",105.24497702465263,104.7384505683057,104.37575954988952,104.11605983787753,103.93010557655164
"Hannahs Mill CDP, Georgia",175.7430717733337,184.41624352006937,190.30225820621442,194.29677946062804,197.00764596415902
"Blythe town, Georgia",107.61342628465427,107.55978379424592,107.5579499350236,107.55788724144577,107.55788509815982
"Braswell town, Georgia",221.7422583375254,222.48026188755938,222.27199471143342,222.3307684350144,222.31418228520513
"Brooklet city, Georgia",205.89190557773003,213.59983757013404,210.95033154008166,211.86106637923203,211.54801257303788
"Cecil city, Georgia",82.92715721949062,77.8967438683129,80.01837755000489,79.12355456727006,79.50095627301216
"Chauncey city, Georgia",173.22135031943688,177.80049892978704,175.79089294987594,176.67282899042425,176.2857823815898
"Concord city, Georgia",122.91722599397829,122.98062120162383,122.96756952498889,122.97025657767489,122.96970337272359
"Damascus city, Georgia",134.13750287920868,134.43567851102245,134.4499483664858,134.45063128203364,134.45066396447018
"Hiawassee city, Georgia",372.263572944978,372.52000180594,372.46888216349276,372.47907297366186,372.4770414138361
"Hiltonia town, Georgia",98.62294238139178,100.67187149533402,99.49752879952014,100.17060272766496,99.78483074273825
"Ivey city, Georgia",86.96420105917346,88.71420805170553,89.2628536131833,89.43485975568089,89.48878548685278
"Jacksonville city, Georgia",68.21332631184225,65.28919241236896,66.33369802696984,65.96059884053064,66.09387050606858
"Jersey city, Georgia",262.6377586944523,249.9095046162525,243.0944684848956,239.4455220397388,237.49178182428207
"Keysville city, Georgia",124.91438090394469,123.9825500030515,124.11255412721422,124.09441663866012,124.09694708523763
"Kite city, Georgia",199.0145753367845,197.2459108728657,198.18765216367387,197.68621354888538,197.95320904632737
"LaFayette city, Georgia",151.3918004609214,155.24534379169972,153.7186406249456,154.32349240921405,154.0838612294933
"Ephesus city, Georgia",207.5233613105695,206.9495357786909,207.06573545677398,207.04220502036694,207.0469699340624
"Flowery Branch city, Georgia",255.30880873327175,255.3092058135829,255.30918803927463,255.30918883489713,255.30918879928308
"Porterdale city, Georgia",121.07114658892274,119.29309161779535,118.11746380928932,117.3401533399418,116.82620533583236
"Watkinsville city, Georgia",210.72060985039266,210.67982198518965,210.66803012232805,210.66462106845736,210.66363550337493
"Allentown city, Georgia",116.19446528831241,113.43441584016206,111.97358364233075,111.20039796203405,110.79116814282321
"Omega city, Georgia",98.48505275587513,98.13553514827866,97.86302153925142,97.6505467869328,97.48488342599457
"Avondale Estates city, Georgia",286.6944343312766,289.3625870462109,288.39208469058985,288.74509102976754,288.6166900271549
"Decatur city, Georgia",412.1535218477707,416.3261903792048,419.25430764034803,421.3090768199307,422.7509850513361
"Tyrone town, Georgia",355.1860476770284,342.59925582633906,353.51802630664105,344.0462283921483,352.2628088116048
"Tucker CDP, Georgia",220.00531123599285,220.00540689247833,220.0054086152719,220.00540864629977,220.0054086468586
"Edison city, Georgia",94.8759777036911,94.7549235439721,94.75759334834699,94.75753446680655,94.75753576541697
"Leary city, Georgia",56.61067630576082,59.69346692755077,58.70500069043626,59.02194258555206,58.92031831037921
"Twin City city, Georgia",133.85374139004668,134.05892764790346,133.96043544960736,134.00771304619946,133.9850191559402
"Ellijay city, Georgia",451.6071083415379,448.32740640229935,447.54594434902,447.3597436051629,447.31537712969885
"Country Club Estates CDP, Georgia",139.66926710931745,140.2828752488326,140.43126936595056,140.46715678754282,140.4758357503855
"Panthersville CDP, Georgia",157.034178859485,160.87822223921248,163.64538887298306,165.6373568147174,167.07129152340914
"Nashville city, Georgia",130.40583393203065,138.60500171351666,133.22599764797923,136.7548539304914,134.43977357158087
"Quitman city, Georgia",209.96144154362858,208.1613808330215,209.1015856721665,208.61049938027497,208.86700278893971
"Peachtree Corners city, Georgia",294.64168045835,300.15446778815266,295.9298854446741,299.1672851318247,296.6863874046111
"Appling CDP, Georgia",285.7600118929885,286.17450709190496,286.1830778100916,286.18325503098686,286.18325869546925
"Brookhaven city, Georgia",367.3462331051452,367.8270292393806,368.05573403592103,368.1645241867483,368.2162734158683
"Macon-Bibb County, Georgia",164.17403269302324,166.414222804741,167.7788031274502,168.61001805308763,169.1163409430665
"Sautee-Nacoochee CDP, Georgia",123.98629589549714,132.14388516331672,125.41459258983487,130.96566620396666,126.3865194462613
"McRae-Helena city, Georgia",141.7551213784141,139.92014059610938,138.27377185597442,136.79662830513615,135.4713158058207
"Tucker city, Georgia",236.1652486694249,237.5836935480624,237.26028977284494,237.33402545577493,237.3172138062093
"Echols County consolidated government, Georgia",129.81417981505248,144.19929830409455,131.11328925501897,143.01751047939982,132.18835069297813
"Stonecrest city, Georgia",138.38229726492642,142.7514688791827,147.0974273075549,151.42029588051534,155.72019727328785
"South Fulton city, Georgia",158.08175446688583,164.45779961756782,159.17471099410855,163.5521933901263,159.92508177167718
"Musella CDP, Georgia",141.59891598915988,141.59891598915988,141.59891598915988,141.59891598915988,141.59891598915988
"Naylor CDP, Georgia",141.59891598915988,141.59891598915988,141.59891598915988,141.59891598915988,141.59891598915988
"New England CDP, Georgia",69.09953602761335,71.45499123412384,73.61518142606155,75.59629388892898,77.41317399753093
"Ohoopee CDP, Georgia",141.59891598915988,141.59891598915988,141.59891598915988,141.59891598915988,141.59891598915988
"Piney Grove CDP, Georgia",111.87408929339986,109.92565130268156,108.72674483346368,107.98903763991704,107.53511407091212
"Rincon city, Georgia",191.60403593167837,189.06055397483743,190.2043967802523,189.6899931455104,189.92132834138087
"Rock Spring CDP, Georgia",229.29169342229267,231.55437406263715,229.74605861564257,231.1912491995605,230.03626496972592
"Smarr CDP, Georgia",352.0048701677266,346.3369178250888,351.09809990914795,347.098621179054,350.45825536864515
"Sterling CDP, Georgia",110.86352696213824,84.09090231405213,110.8552517510306,84.09917496735605,110.8469816547398
"Stockton CDP, Georgia",257.0814295582661,228.8796197523849,256.9289262253172,229.03129841249475,256.77806777856824
"Tazewell CDP, Georgia",141.59891598915988,141.59891598915988,141.59891598915988,141.59891598915988,141.59891598915988
"Waresboro CDP, Georgia",111.2948281169545,109.33538638139487,108.23046227607466,107.60739844296255,107.25605436578735
"Warthen CDP, Georgia",189.2599062103453,188.1378322756647,189.20119616978917,188.19347044300858,189.1484691466759
"Waverly CDP, Georgia",124.13579434780877,128.86064165986235,129.8523965334687,130.06056785930448,130.1042634357554
"Waynesville CDP, Georgia",284.28093367344877,316.1898218153982,345.3151812248065,371.89982926874757,396.1654014694436
"Wenona CDP, Georgia",141.59891598915988,141.59891598915988,141.59891598915988,141.59891598915988,141.59891598915988
"West Brow CDP, Georgia",274.0521140404302,274.8860683345845,275.2625513078481,275.43251197613773,275.50923955963253
"Wildwood CDP, Georgia",158.2252116286861,145.83900700170275,157.9222557388807,146.1345528515539,157.63393868579308
"Antioch CDP, Georgia",561.7554196335982,564.0118666583952,566.254520755565,568.4834662367931,570.6987868983956
"Axson CDP, Georgia",141.8701573385638,142.07615073293238,142.23259177194333,142.3514004296765,142.44162929316136
"Bemiss CDP, Georgia",127.39008674468437,130.43998845457514,127.99811188902697,129.95317855299066,128.3878718890627
"Berry College CDP, Georgia",141.59891598915988,141.59891598915988,141.59891598915988,141.59891598915988,141.59891598915988
"Blythe city, Georgia",148.89773634314295,149.00740752818177,149.00824942190133,149.00825588472048,149.00825593433248
"Bolingbroke CDP, Georgia",415.71290927577957,327.24886240557515,405.8313030401539,336.02667398958124,398.03399009658335
"Box Springs CDP, Georgia",184.0601132316297,180.51853852430114,180.81393178266748,180.78929382235347,180.79134880861753
"Bristol CDP, Georgia",289.61793680021526,292.1751854133395,294.6654191980748,297.09039433377785,299.4518209776634
"Buckhead CDP, Georgia",156.7383217350844,175.26700902616005,156.88145383251756,175.12498260863794,157.02238311138586
"Cataula CDP, Georgia",460.54476367191216,468.0179681544813,469.6354371891075,469.98551540308875,470.06128486344977
"Clyattville CDP, Georgia",148.67615891212643,141.73318936412096,148.54443304604976,141.8624160540636,148.41765811648648
"Cogdell CDP, Georgia",141.59891598915988,141.59891598915988,141.59891598915988,141.59891598915988,141.59891598915988
"Crescent CDP, Georgia",414.2033786821923,532.4271222007142,644.2466508193673,750.0088827397167,850.0419435024842
"Dixie CDP, Georgia",84.41379564083945,121.4241268708443,97.47096196690957,112.97350111873266,102.94022488497997
"Dixie Union CDP, Georgia",141.59891598915988,141.59891598915988,141.59891598915988,141.59891598915988,141.59891598915988
"Ellerslie CDP, Georgia",404.3708498376108,386.1773784766335,395.24974753765787,390.72571368252613,392.9816715458703
"Eulonia CDP, Georgia",307.27658365900203,300.6275025329336,303.2865792051626,302.2231708010944,302.6484452753708
"Everett CDP, Georgia",141.59891598915988,141.59891598915988,141.59891598915988,141.59891598915988,141.59891598915988
"Faceville CDP, Georgia",189.4567123053588,135.14255366868215,188.1492265529073,136.41856477371627,186.903932417107
"Fairfield Plantation CDP, Georgia",193.9449459983783,195.34195456482433,194.04636688253018,195.24789669618232,194.1335962803752
"Fairplay CDP, Georgia",286.3830192259238,291.41257033379435,290.227203749893,290.5065714127509,290.4407299320557
"Gardi CDP, Georgia",141.59891598915988,141.59891598915988,141.59891598915988,141.59891598915988,141.59891598915988
"Glenn CDP, Georgia",132.80053680298488,130.98943045175415,130.6166224440449,130.53988161073178,130.52408485911752
"Godfrey CDP, Georgia",141.5989193903027,141.5989193887382,141.59891938873892,141.59891938873892,141.59891938873892
"Gough CDP, Georgia",141.7791297203426,141.92425196115383,142.0411157796867,142.1352236986779,142.21100678131236
"Hickox CDP, Georgia",304.93270306360375,313.61924881193426,314.8209359603123,314.9871760336872,315.0101735018993
"Hortense CDP, Georgia",235.24555857402297,235.24577036686858,235.24577331671807,235.24577335780356,235.2457733583758
"Jekyll Island CDP, Georgia",600.7900540034854,358.0822502981538,600.2263573359985,358.6446377620301,599.6652760350654
"Juliette CDP, Georgia",181.85869248548977,237.4025666458305,181.98969148975152,237.271876599836,182.12007330615
"Kennesaw State University CDP, Georgia",141.59891598915988,141.59891598915988,141.59891598915988,141.59891598915988,141.59891598915988
"Lenox town, Georgia",120.16161278391554,109.41364715220152,119.98834142174573,109.58412515179678,119.82061175204116
"Manor CDP, Georgia",141.59891598915988,141.59891598915988,141.59891598915988,141.59891598915988,141.59891598915988
"Mershon CDP, Georgia",146.76547190712932,141.89584057846278,146.48561172458648,142.15961705435788,146.2369946165597
"Millwood CDP, Georgia",141.59891598915988,141.59891598915988,141.59891598915988,141.59891598915988,141.59891598915988
"Milstead CDP, Georgia",186.6782492594194,134.81921919880642,185.106018284385,136.34378421796066,183.6276741132444
